ToI,Name,Class_flag,Class,Carbon,Additional,ctp,Phot_status,Other_Name,Comments,Vmax,Av,Distance,Mv_calc,RV,Temperature,Type,RA,Dec,Location,Abundances,Inst/Res,Folder,Spectra_Type,Bluefile,Redfile,Alt_Bluefile,Alt_Redfile,Textfile,Extra_Monfile,RA_deg,Dec_deg,Gaia_RV,gaia_rv_err,known_RV,My_RV,parallax,p_err,pm_ra,pm_ra_err,pm_dec,pm_dec_err
,AO Her,7,HdC7:,C2 5.5,,,max,,,10.400,0.07,,,,,Cool,17:35:36.28,50:24:39.86,Galactic,,"Faulkes,en06/?",AOHer,ntt,nttAOHer_ftn_20130805_merge_1.6_56518_1_e.fits,,,,,,,,-530.64,0.94,,,,,,,,
,ASAS-RCB-1,5,HdC5,C2 5,,,max,V409 Nor,,11.900,3.63,3.208,-4.26,,,Cool,15:44:25.07,-50:45:01.26,Galactic,,WiFeS/3000,ASAS_RCB_1,AB,ASAS-1_066_Blue-A.fits,ASAS-1_066_Red-A.fits,ASAS-1_066_Blue-B.fits,ASAS-1_066_Red-B.fits,,,,,,,,-84.61,0.312,0.024,-3.765,0.025,-4.854,0.024
,ASAS-RCB-10,1,HdC1,C2 0.5,H1,,max,"NSV 8092, IRAS 16571-5011",,11.400,1.78,7.297,-4.7,,,Warm,17:01:01.41,-50:15:34.90,Galactic,,WiFeS/3000,ASAS_RCB_10,picky,ASAS-RCB-10__T2m3wb-20220715.143051-0147.spectrum.p11.fits,ASAS-RCB-10__T2m3wr-20220715.143051-0147.spectrum.p11.fits,,,,,,,62.32,0.19,,49.15,0.137,0.021,-1.336,0.022,-8.597,0.015
,ASAS-RCB-11,4,HdC4,C2 4.5,,,max,IRAS 18089-2809,,11.800,1.64,,,,,Cool,18:12:03.69,-28:08:36.23,Galactic,,WiFeS/3000,ASAS_RCB_11,AB,ASAS-RCB-11_July2010_Blue-A_072_unsmooth.fits,ASAS-RCB-11_July2010_Red-A_072_unsmooth.fits,ASAS-RCB-11_July2010_Blue-B_072_unsmooth.fits,ASAS-RCB-11_July2010_Red-B_072_unsmooth.fits,,,,,,,,-68.68,,,,,,
,ASAS-RCB-12,,,,,,0.8 decline,HV 8988,,,1.538,,,,,Warm/Cool,17:01:01.41,-50:15:34.90,Galactic,,WiFeS/3000,ASAS_RCB_12,normal,ASAS-RCB-12_T2m3wb_July2011_0045_unsmooth.fits,ASAS-RCB-12_T2m3wr_July2011_0045_unsmooth.fits,,,,,,,-43.49,0.61,,-65.43,,,,,,
,ASAS-RCB-13,,,,,,full decline,V581 CrA,in decline,,,,,,,Cool,18:24:43.47,-45 24 43.75,Galactic,,WiFeS/3000,ASAS_RCB_13,normal,ASAS-RCB-13_May2012_Blue_050_unsmooth.fits,ASAS-RCB-13_May2012_Red_050_unsmooth.fits,,,,,,,,,,,,,,,,
,ASAS-RCB-14,6,HdC6,C2 5.5,Li:,,max,IRAS 16446-1520,,,1.467,,,,,Cool,16:47:29.74,-15:25:22.9,Galactic,,WiFeS/3000,ASAS_RCB_14,picky,ASAS-RCB-14__T2m3wb-20220715.091140-0133.spectrum.p11.fits,ASAS-RCB-14__T2m3wr-20220715.091140-0133.spectrum.p11.fits,,,,,,,,,,-32.1,,,,,,
,ASAS-RCB-15,6,HdC6,C2 5.5,,,max,ASAS J170827-3226.8,,,1.574,,,,,Cool,17:08:27.19,-32:26:49.60,Galactic,,WiFeS/3000,ASAS_RCB_15,normal,ASAS-RCB-15_June2012_Blue_121_unsmooth.fits,ASAS-RCB-15_June2012_Red_121_unsmooth.fits,,,,,,,,,,,,,,,,
,ASAS-RCB-16,5,HdC5,C2 5.5,,,max,IRAS 17112-2122,,12.800,1.9,,,,,Cool,17:14:14.46,-21:26:13.78,Galactic,,WiFeS/3000,ASAS_RCB_16,normal,ASAS-RCB-16_June2012_Blue_122_unsmooth.fits,ASAS-RCB-16_June2012_Red_122_unsmooth.fits,,,,,,,,,,,,,,,,
,ASAS-RCB-17,5,HdC5,C2 5,,,max,ASAS J171744-2937.9,,13.100,3.16,,,,,Cool,17:17:44.49,-29:38:00.20,Galactic,,WiFeS/3000,ASAS_RCB_17,normal,ASAS-RCB-17_June2012_Blue_123_unsmooth.fits,ASAS-RCB-17_June2012_Red_123_unsmooth.fits,,,,,,,,,,,,,,,,
,ASAS-RCB-18,,,,,,0.6 decline,IRAS 18575-0207,,13.600,2.869,5.025,-4.41,,,Cool,19:00:09.44,-02:02:57.90,Galactic,,WiFeS/3000,ASAS_RCB_18,normal,ASAS-RCB-18_June2012_Blue_218_unsmooth.fits,ASAS-RCB-18_June2012_Red_218_unsmooth.fits,,,,,,,,,,112.76,0.199,0.027,-0.635,0.04,-2.915,0.034
,ASAS-RCB-19,,,,,,0.8 decline,"NSV 11664, IRAS 18592+1451",in decline,,2.062,8.855,,,,Cool,19:01:33.68,14:56:09.59,Galactic,,WiFeS/3000,ASAS_RCB_19,normal,ASAS-RCB-19_Aug2012_Blue_117_unsmooth.fits,ASAS-RCB-19_Aug2012_Red_117_unsmooth.fits,,,,,,,55.87,2.88,,35.92,0.113,0.032,-3.04,0.023,-7.108,0.023
,ASAS-RCB-2,5,HdC5,C2 5,,,max,IRAS 16375-5141,,,2.131,2.168,,,,Cool,16:41:24.75,-51:47:43.43,Galactic,,WiFeS/3000,ASAS_RCB_2,AB,ASAS-RCB-2_July2010_Blue-A_067_unsmooth.fits,ASAS-RCB-2_July2010_Red-A_067_unsmooth.fits,ASAS-RCB-2_July2010_Blue-B_067_unsmooth.fits,ASAS-RCB-2_July2010_Red-B_067_unsmooth.fits,,,,,,,,35.17,0.461,0.086,-2.423,0.098,-6.293,0.076
,ASAS-RCB-20,,,,,,1.6 decline,PT Aql,,,0.71,,,,,Cool,19:53:43.15,14:41:09.36,Galactic,,WiFeS/3000,ASAS_RCB_20,normal,ASAS-RCB-20_Aug2012_Blue_118_unsmooth.fits,ASAS-RCB-20_Aug2012_Red_118_unsmooth.fits,,,,,,,,,,-210.81,,,,,,
,ASAS-RCB-21,,,,,,0.5 decline,IRAS 18560-0224,in decline,,3.87,,,,,Cool,18:58:41.80,-02:20:11.30,Galactic,,WiFeS/3000,ASAS_RCB_21,picky,ASAS-RCB-21__T2m3wb-20220715.152321-0149.spectrum.p11.fits,ASAS-RCB-21__T2m3wr-20220715.152321-0149.spectrum.p11.fits,,,,,,,,,,29.9,,,,,,
,ASAS-RCB-3,5,HdC5,C2 3.5,H0.5,,max,CGCS 3744,,11.800,2.394,5.017,-4.1,,,Cool,16:54:43.61,-49:25:55.43,Galactic,,WiFeS/3000,ASAS_RCB_3,picky,ASAS-RCB-3__T2m3wb-20220722.101445-0131.spectrum.p11.fits,ASAS-RCB-3__T2m3wr-20220722.101446-0131.spectrum.p11.fits,,,,,,,,,,,0.199,0.018,1.099,0.024,0.417,0.018
,ASAS-RCB-4,6,HdC6,C2 5.5,Li:,,max,GV Oph,,11.900,0.48,4.811,-1.99,,,Cool,17:05:41.25,-26:50:03.36,Galactic,,WiFeS/3000,ASAS_RCB_4,picky,ASAS-RCB-4__T2m3wb-20220722.084331-0128.spectrum.p11.fits,ASAS-RCB-4__T2m3wr-20220722.084331-0128.spectrum.p11.fits,,,,,,,-113.36,0.84,,,0.208,0.031,-1.937,0.037,-5.856,0.023
,ASAS-RCB-5,,,,,,1.2 decline,IRAS 17491-3410,,12.300,2.173,,,,,Cool,17:52:25.51,-34:11:28.16,Galactic,,WiFeS/3000,ASAS_RCB_5,AB,ASAS-RCB-5_July2010_Blue-A_208_unsmooth.fits,ASAS-RCB-5_July2010_Red-A_208_unsmooth.fits,ASAS-RCB-5_July2010_Blue-B_208_unsmooth.fits,ASAS-RCB-5_July2010_Red-B_208_unsmooth.fits,,,,,,,,,,,,,,
,ASAS-RCB-6,,,,,,max?,NSV 13098,,13.000,0.13,,,,,Warm/Cool,20:30:04.97,-62:07:59.22,Galactic,,WiFeS/3000,ASAS_RCB_6,normal,SUM_ASAS-RCB-6_Blue.fits,SUM_ASAS-RCB-6_Red.fits,,,,,,,112.84,1.2,,125.62,,,,,,
,ASAS-RCB-7,5,HdC5,C2 5.5,Li:,,max,V653 Sco,,,1.132,,,,,Cool,17:49:15.66,-39:13:16.58,Galactic,,WiFeS/3000,ASAS_RCB_7,picky,ASAS-RCB-7__T2m3wb-20220722.090630-0129.spectrum.p11.fits,ASAS-RCB-7__T2m3wr-20220722.090630-0129.spectrum.p11.fits,,,,,,,-294.89,1.82,,-332.03,,,,,,
,ASAS-RCB-8,1,HdC1,C2 1,,,max,TYC 6283-1417-1,,10.900,0.59,,,,,Warm,19:06:39.87,-16:23:59.15,Galactic,Majority,WiFeS/3000,ASAS_RCB_8,AB,ASAS-RCB-8_July2010_Blue-A_086_unsmooth.fits,ASAS-RCB-8_July2010_Red-A_086_unsmooth.fits,ASAS-RCB-8_July2010_Blue-B_086_unsmooth.fits,ASAS-RCB-8_July2010_Red-B_086_unsmooth.fits,,,,,,,,2.7,,,,,,
,ASAS-RCB-9,,,,,,1.4 decline,IO Nor,,10.800,4,2.953,-5.55,,,Cool,16:22:28.83,-48:35:55.68,Galactic,,WiFeS/3000,ASAS_RCB_9,AB,ASAS-RCB-9_July2010_Blue-A_070_unsmooth.fits,ASAS-RCB-9_July2010_Red-A_070_unsmooth.fits,ASAS-RCB-9_July2010_Blue-B_070_unsmooth.fits,ASAS-RCB-9_July2010_Red-B_070_unsmooth.fits,,,,,21.86,0.2,,150.92,0.339,0.034,-4.196,0.037,-4.677,0.028
,DY Cen,,,,,,max,,halpha,13.100,,24.144,,,hot,Hot,13:25:34.08,-54:14:43.13,Galactic,,WiFeS/3000,DYCen,AB,DYCen_July2010_Blue-A_201_unsmooth.fits,DYCen_July2010_Red-A_201_unsmooth.fits,DYCen_July2010_Blue-B_201_unsmooth.fits,DYCen_July2010_Red-B_201_unsmooth.fits,,,,,,,,,0.041,0.014,-5.92,0.011,-0.297,0.009
,EROS2-CG-RCB-1,4,HdC4:,-,H0.5,ctp,max,,,,6.25,,,,,,17:52:20.04,-29:03:31.69,Galactic,,WiFeS/3000,EROS2-CG-RCB-1,picky,EROS2-CG-RCB-1__T2m3wb-20220715.134217-0145.spectrum.p11.fits,EROS2-CG-RCB-1__T2m3wr-20220715.134217-0145.spectrum.p11.fits,,,,,,,,,,,,,,,,
,EROS2-CG-RCB-10,,,,,,unknown,IRAS 17424-2331,,,3.31,,,,,Cool,17:45:31.41,-23:32:24.4,Galactic,,DBSR/3.6A per pix,EROS2-CG-RCB-10,one,EROS2-CG-RCB-10__ctfntwfs15red_ccd00007.0001.fits,,,,,,,,76.4,3.8,,,,,,,,
,EROS2-CG-RCB-11,,,,,,full decline,,,,3.46,,,,,Cool,17:48:41.57,-23:00:26.7,Galactic,,DBSR/3.6A per pix,EROS2-CG-RCB-11,one,EROS2-CG-RCB-11__fnttwfs18red_ccd00031.fits,,,,,,,,73,4.4,,,,,,,,
,EROS2-CG-RCB-12,,,,,,full decline,,,,,,,,,Cool,17:19:58.51,-30:04:21.51,Galactic,,DBSR/3.6A per pix,EROS2-CG-RCB-12,one,EROS2-CG-RCB-12__fnttwfs17red_ccd00032.fits,,,,,,,,-43.7,5.4,,,,,,,,
,EROS2-CG-RCB-13,6,HdC6:,C2 5.5,Li:,,1.5 decline,MACHO 176.19607.1138,,,3.35,4.744,,,,Cool,18:01:58.25,-27:36:48.40,Galactic,,WiFeS/3000,EROS2-CG-RCB-13,picky,EROS2-CG-RCB-13__T2m3wb-20220316.173816-0155.spectrum.p11.fits,EROS2-CG-RCB-13__T2m3wr-20220316.173816-0155.spectrum.p11.fits,,,,,,,-292.1,0.9,,,0.211,0.055,-4.802,0.063,-7.377,0.052
,EROS2-CG-RCB-14,,,,,,full decline,IRAS 18100-2750,,,1.56,,,,,Cool,18:13:14.87,-27:49:41.04,Galactic,,DBSR/3.6A per pix,EROS2-CG-RCB-14,one,EROS2-CG-RCB-14__fnttwfs18red_ccd00040.fits,,,,,,,,-11.4,0.8,,,,,,,,
,EROS2-CG-RCB-3,6,HdC6,C2 5.5,Li:,,max,ASAS J175829-3051.3,,,3.419,,,,,Cool,17:58:28.30,-30:51:16.63,Galactic,,WiFeS/3000,EROS2-CG-RCB-3,picky,EROS2-CG-RCB-3__T2m3wb-20220316.170923-0154.spectrum.p11.fits,EROS2-CG-RCB-3__T2m3wr-20220316.170923-0154.spectrum.p11.fits,,,,,,,46.9,2.6,,,,,,,,
,EROS2-CG-RCB-4,,,,,,1.5 decline,Terz V 2046,,,5.38,,,,,Cool,17:46:16.23,-32:57:40.9,Galactic,,DBSR/3.6A per pix,EROS2-CG-RCB-4,one,EROS2-CG-RCB-4__fnttwfs18red_ccd00025.fits,,,,,,,,-246.4,3.1,,-275.99,,,,,,
,EROS2-CG-RCB-5,7,HdC7:,C2 5.5,,,max,,,,3.667,,,,,Cool,17:46:00.34,-33:47:56.69,Galactic,,DBSR/3.6A per pix,EROS2-CG-RCB-5,one,EROS2-CG-RCB-5__fnttwfs18red_ccd00028.fits,,,,,,,,-323.1,0.7,,,,,,,,
,EROS2-CG-RCB-6,5,HdC5:,C2 4.5,,,max,V1135 Sco,,,6.555,,,,,Cool,17:30:23.85,-30:08:28.50,Galactic,,WiFeS/3000,EROS2-CG-RCB-6,picky,EROS2-GC-RCB-6__T2m3wb-20220722.104941-0132.spectrum.p11.fits,EROS2-GC-RCB-6__T2m3wr-20220722.104941-0132.spectrum.p11.fits,,,,,,,114.2,3.5,,,,,,,,
,EROS2-CG-RCB-7,,,,,,full decline,Terz V 1680,,,4,,,,,Cool,17:29:37.11,-30:39:36.85,Galactic,,DBSR/3.6A per pix,EROS2-CG-RCB-7,one,EROS2-CG-RCB-7__fnttwfs17red_ccd00038.fits,,,,,,,,-111.4,6.8,,,,,,,,
,EROS2-CG-RCB-8,,,,,,unknown,Terz V 2960,,,5.87,,,,,Cool,17:39:20.73,-27:57:22.68,Galactic,,DBSR/3.6A per pix,EROS2-CG-RCB-8,one,EROS2-CG-RCB-8__ctfntwfs15red_ccd00004.0001.fits,,,,,,,,111.9,3.7,,,,,,,,
,EROS2-CG-RCB-9,,,,,,full decline,,,,4.91,,,,,Cool,17:48:30.90,-24:22:56.7,Galactic,,DBSR/3.6A per pix,EROS2-CG-RCB-9,one,EROS2-CG-RCB-9__fnttwfs17red_ccd00041.fits,,,,,,,,,,,,,,,,,
,ES Aql,6,HdC6,C2 5.5,Li:,,max,,,11.680,1.08,5.821,-3.22,,5000 (Y2013),Cool,19:32:21.61,-00:11:30.96,Galactic,,WiFeS/3000,ESAql,picky,ESAql__T2m3wb-20220716.132346-0228.spectrum.p11.fits,ESAql__T2m3wr-20220716.132346-0228.spectrum.p11.fits,,,,,,,-57.2,1.47,,-61.86,0.172,0.017,-4.718,0.02,-5.918,0.019
,FH Sct,,,,,,0.7 decline,,,12.250,2.49,9.073,-5.03,,6250 (A2000),Warm,18:45:14.85,-09:25:36.11,Galactic,Majority,WiFeS/3000,FHSct,normal,FHSct_T2m3wb_July2011_0310_unsmooth.fits,FHSct_T2m3wr_July2011_0310_unsmooth.fits,,,,,,,,,103,122.77,0.11,0.019,-1.025,0.018,-8.014,0.014
,GU Sgr,3,HdC3,C2 3,,,max,,,10.200,1.15,4.339,-4.14,-21.4 (L&C1997),6250 (A2000),Warm/Cool,18:24:15.58,-24:15:26.35,Galactic,Majority,WiFeS/3000,GUSgr,normal,GUSgr_T2m3wb_July2011_0224_unsmooth.fits,GUSgr_T2m3wr_July2011_0224_unsmooth.fits,,,,,,,,,-21.4,-5.19,0.23,0.02,1.254,0.022,-2.959,0.016
,HE 1015-2050,4,HdC4,C2 5,Sr H1 Li: CN-,ctp,dLHdC,2MASS J10173423-2105138,"was HdC, now RCB",,0.113,,,,,Warm/Cool,10:17:34.23,-21:05:13.88,Galactic,,WiFeS/3000,HE_1015-2050,normal,He1015-2050_June2012_Blue_200_unsmooth.fits,He1015-2050_June2012_Red_200_unsmooth.fits,,,,,,,,,,232.91,,,,,,
,IRAS1813.5-2419,6,HdC6,C2 5,H0.5,,max,,,12.600,2.9,,,,,Cool,18:16:39.20,-24:18:33.40,Galactic,,WiFeS/3000,IRAS1813.5-2419,picky,IRAS1813.5-2419__T2m3wb-20220722.110930-0133.spectrum.p11.fits,IRAS1813.5-2419__T2m3wr-20220722.110930-0133.spectrum.p11.fits,,,,,,,,,,60,,,,,,
76,J110008.77-600303.6,5,HdC5:,C2 5,H2.5,ctp,unknown,IRAS_10581-5946,,,5.485,10.84,,,,Cool,11:00:08.77,-60:03:03.6,Galactic,,WiFeS/3000,WISE_165.0365704_-60.0510265,normal,WISE_J110008.77-600303.6_June2012_Blue_210_unsmooth.fits,WISE_J110008.77-600303.6_June2012_Red_210_unsmooth.fits,,,,,165.0365704,-60.0510265,,,,28.33,0.092,0.024,-6.311,0.029,2.369,0.028
90,J132354.47-673720.8,6,HdC6:,C2 5.5,Li:,,0.2 decline,IRAS_13203-6721,,,1.476,15.345,,,,Cool,13:23:54.47,-67:37:20.8,Galactic,,WiFeS/3000,WISE_200.9769690_-67.6224558,picky,WISE_J132354.47-673720.8__T2m3wb-20220722.095442-0130.spectrum.p11.fits,WISE_J132354.47-673720.8__T2m3wr-20220722.095442-0130.spectrum.p11.fits,,,,,200.976969,-67.6224558,,,,30.76,0.065,0.017,-5.804,0.015,-0.453,0.022
105,J150104.50-563325.1,7,HdC7:,-,Li:,,unknown,,,,5.436,,,,,Cool,15:01:04.50,-56:33:25.1,Galactic,,WiFeS/3000,WISE_225.2687500_-56.5569997,normal,WISE_J150104.50-563325.1_July2012_Blue_210_unsmooth.fits,WISE_J150104.50-563325.1_July2012_Red_210_unsmooth.fits,,,,,225.26875,-56.5569997,,,,-65.85,,,,,,
121,J160205.48-552741.6,5,HdC5:,C2 5,,,unknown,,,,4.146,,,,,Cool,16:02:05.48,-55:27:41.6,Galactic,,WiFeS/3000,WISE_240.5228351_-55.4615830,normal,WISE_J160205.48-552741.6_June2012_Blue_222_unsmooth.fits,WISE_J160205.48-552741.6_June2012_Red_222_unsmooth.fits,,,,,240.5228351,-55.461583,-78.52,2.33,,-89.84,,,,,,
124,J161156.23-575527.1,5,HdC5:,C2 5,,,unknown,,,,0.999,,,,,Cool,16:11:56.23,-57:55:27.1,Galactic,,WiFeS/3000,WISE_242.9843027_-57.9241960,normal,WISE_J161156.23-575527.1_June2012_Blue_225_unsmooth.fits,WISE_J161156.23-575527.1_June2012_Red_225_unsmooth.fits,,,,,242.9843027,-57.924196,,,,122.23,,,,,,
130,J163450.35-380218.5,,,-,,,unknown,IRAS_16314-3756,,,1.76,,,,,Cool,16:34:50.35,-38:02:18.5,Galactic,,WiFeS/3000,WISE_248.7098088_-38.0384979,normal,WISE_J163450.35-380218.5_July2012_Blue_216_unsmooth.fits,WISE_J163450.35-380218.5_July2012_Red_216_unsmooth.fits,,,,,248.7098088,-38.0384979,,,,-132.9,,,,,,
139,J164704.67-470817.8,2,HdC2:,-,H0.5 ,,unknown,,,,7.748,,,,,Warm,16:47:04.67,-47:08:17.8,Galactic,,WiFeS/3000,WISE_251.7694839_-47.1382800,normal,WISE_J164704.67-470817.8_July2013_Blue_1024_unsmooth.fits,WISE_J164704.67-470817.8_July2013_Red_1024_unsmooth.fits,,,,,251.7694839,-47.13828,,,,-45.08,,,,,,
148,J170343.87-385126.6,5,HdC5:,-,,,unknown,,noisy blue side,,9.604,,,,,Cool,17:03:43.87,-38:51:26.6,Galactic,,WiFeS/3000,WISE_255.9327917_-38.8574009,normal,WISE_J170343.87-385126.6_June2012_Blue_231_unsmooth.fits,WISE_J170343.87-385126.6_June2012_Red_231_unsmooth.fits,,,,,255.9327917,-38.8574009,,,,7.26,,,,,,
161,J171815.36-341339.9,,,,,,1.5 decline,,,,8.31,,,,,Cool,17:18:15.36,-34:13:39.9,Galactic,,WiFeS/3000,WISE_259.5640161_-34.2277623,picky,WISE_J171815.36-341339.9_July2012_Blue_115_unsmooth.fits,WISE_J171815.36-341339.9_July2012_Red_115_unsmooth.fits,,,,,259.5640161,-34.2277623,,,,-54.45,,,,,,
1220,J171908.50-435044.6,,,,,,unknown,,blue spectrum very noisy,,5.2,,,,,Cool,17:19:08.50,-43:50:44.6,Galactic,,WiFeS/3000,WISE_259.7854518_-43.8457265,picky,WISE_J171908.50-435044.6__T2m3wb-20220218.180530-0646.spectrum.p11.fits.gz,WISE_J171908.50-435044.6__T2m3wr-20220218.180530-0646.spectrum.p11.fits.gz,,,,,259.7854518,-43.8457265,,,,-152.43,,,,,,
169,J172447.52-290418.6,1,HdC1,C2 0.5,H1,ctp,max,,small halpha,,3.57,8.214,,,,Warm,17:24:47.52,-29:04:18.6,Galactic,,WiFeS/3000,WISE_261.1980033_-29.0718386,normal,WISE_J172447.52-290418.6_Aug2012_Blue_114_unsmooth.fits,WISE_J172447.52-290418.6_Aug2012_Red_114_unsmooth.fits,,,,,261.1980033,-29.0718386,,,,-87.96,0.122,0.019,-1.28,0.021,-4.996,0.014
171,J172553.80-312421.1,,,,,,2.8 decline,GLIMPSE-WISE-29,,,6.84,,,,,Warm/Cool,17:25:53.80,-31:24:21.1,Galactic,,WiFeS/3000,WISE_261.4741862_-31.4058768,normal,WISE_J172553.80-312421.1_T2m3wb_July2011_0216_unsmooth.fits,WISE_J172553.80-312421.1_T2m3wr_July2011_0216_unsmooth.fits,,,,,261.4741862,-31.4058768,,,,-113.12,,,,,,
174,J172951.80-101715.9,0,HdC0,C2 0,H1 Li:,,max,AC Ser,small halpha,,2.08,8.236,,,,Warm,17:29:51.80,-10:17:15.9,Galactic,,WiFeS/3000,WISE_262.4658601_-10.2877775,picky,WISE_J172951.80-101715.9__T2m3wb-20210924.095719-0029.spectrum.p11.fits,WISE_J172951.80-101715.9__T2m3wr-20210924.095719-0029.spectrum.p11.fits,,,,,262.4658601,-10.2877775,-95.34,2.13,,-75.7,0.121,0.017,-4.301,0.017,-7.372,0.012
1222,J173202.75-432906.1,8,HdC8:,C2 5,H0.5,,unknown,,,,1.233,,,,,Cool,17:32:02.75,-43:29:06.1,Galactic,,WiFeS/3000,WISE_263.0114680_-43.4850516,picky,WISE_J173202.75-432906.1__T2m3wb-20220718.142132-0335.spectrum.p11.fits,WISE_J173202.75-432906.1__T2m3wr-20220718.142132-0335.spectrum.p11.fits,,,,,263.011468,-43.4850516,,,,-81.84,,,,,,
177,J173553.02-364104.3,6,HdC6:,C2 5.5,,,unknown,2MASS_J17355307-3641040,,,4.781,,,,,Cool,17:35:53.02,-36:41:04.3,Galactic,,WiFeS/3000,WISE_263.9709509_-36.6845538,normal,WISE_J173553.02-364104.3_July2013_Blue_1027_unsmooth.fits,WISE_J173553.02-364104.3_July2013_Red_1027_unsmooth.fits,,,,,263.9709509,-36.6845538,,,,-186.03,,,,,,
1227,J173819.81-203632.1,6,HdC6,C2 5.5,,,max,IRAS_17353-2034,,,2.94,,,,,Cool,17:38:19.81,-20:36:32.1,Galactic,,WiFeS/3000,WISE_264.5825530_-20.6089300,picky,WISE_J173819.81-203632.1__T2m3wb-20220716.155420-0233.spectrum.p11.fits,WISE_J173819.81-203632.1__T2m3wr-20220716.155420-0233.spectrum.p11.fits,,,,,264.582553,-20.60893,,,,-47.18,,,,,,
,J174111.80-281955.3,1,HdC1:,-,H0.5,ctp,max,GLIMPSE-WISE-9,check reddening,,7.58,,,,,Warm,17:41:11.80,-28:19:55.3,Galactic,,WiFeS/3000,J174111.80-281955.3,picky,WISE_J174111.80-281955.3__T2m3wb-20220715.142017-0146.spectrum.p11.fits,WISE_J174111.80-281955.3__T2m3wr-20220715.142017-0146.spectrum.p11.fits,,,,,265.2991667,-28.3320278,101.41,9.33,,,,,,,,
,J174119.57-250621.2,3,HdC3,C2 2,,,max,GLIMPSE-WISE-20_129,,,4.65,11.44,,,,Warm/Cool,17:41:19.57,-25:06:21.2,Galactic,,WiFeS/3000,J174119.57-250621.2,normal,WISE_J174119.57-250621.2_T2m3wb_July2011_0129_unsmooth.fits,WISE_J174119.57-250621.2_T2m3wr_July2011_0129_unsmooth.fits,,,,,265.3315417,-25.1058889,120.38,4.23,,,0.087,0.023,-6.432,0.027,-10.3,0.015
182,J174138.87-161546.4,6,HdC6:,C2 5.5,Li:,,unknown,IRAS_17387-1614,,,1.49,,,,,Cool,17:41:38.87,-16:15:46.4,Galactic,,WiFeS/3000,WISE_265.4119947_-16.2629104,normal,WISE_J174138.87-161546.4_July2013_Blue_3006_unsmooth.fits,WISE_J174138.87-161546.4_July2013_Red_3006_unsmooth.fits,,,,,265.4119947,-16.2629104,,,,6.27,,,,,,
184,J174257.19-362052.1,,,,,,2 decline,,,,3.328,,,,,Cool,17:42:57.19,-36:20:52.1,Galactic,,WiFeS/3000,WISE_265.7383240_-36.3478071,normal,WISE_J174257.19-362052.1_Aug2012_Blue_317_unsmooth.fits,WISE_J174257.19-362052.1_Aug2012_Red_317_unsmooth.fits,,,,,265.738324,-36.3478071,,,,-90.81,,,,,,
186,J174328.50-375029.0,6,HdC6,C2 5.5,Li:,,max,IRAS_17400-3749,,,2.108,,,,,Cool,17:43:28.50,-37:50:29.0,Galactic,,WiFeS/3000,WISE_265.8687545_-37.8414030,normal,WISE_J174328.50-375029.0_Aug2012_Blue_203_unsmooth.fits,WISE_J174328.50-375029.0_Aug2012_Red_203_unsmooth.fits,,,,,265.8687545,-37.841403,5.28,152,,-34.3,,,,,,
188,J174645.90-250314.1,3,HdC3:,C2 3,,ctp,max,"2MASS_J17464591-2503140, GLIMPSE-RCB-Cand-1",,,8.14,,,,,Warm,17:46:45.90,-25:03:14.1,Galactic,,WiFeS/3000,WISE_266.6912800_-25.0539209,picky,WISE_J174645.90-250314.1_T2m3wb_July2011_0405_unsmooth.fits,WISE_J174645.90-250314.1_T2m3wr_July2011_0405_unsmooth.fits,,,,,266.69128,-25.0539209,,,,32.21,,,,,,
190,J174851.29-330617.0,2,HdC2,C2 2.5,,,max,,,,4.096,9.273,,,,Warm/Cool,17:48:51.29,-33:06:17.0,Galactic,,WiFeS/3000,WISE_267.2137403_-33.1047490,normal,WISE_J174851.29-330617.0_Aug2012_Blue_318_unsmooth.fits,WISE_J174851.29-330617.0_Aug2012_Red_318_unsmooth.fits,,,,,267.2137403,-33.104749,,,,-95.96,0.108,0.022,-5.906,0.023,-10.388,0.014
191,J175031.70-233945.7,2,HdC2:,C2 2.5,,ctp,unknown,,,,6.39,,,,,Warm/Cool,17:50:31.70,-23:39:45.7,Galactic,,WiFeS/3000,WISE_267.6321046_-23.6626990,normal,WISE_J175031.70-233945.7_July2012_Blue_307_unsmooth.fits,WISE_J175031.70-233945.7_July2012_Red_307_unsmooth.fits,,,,,267.6321046,-23.662699,94.01,2.41,,72.8,,,,,,
193,J175107.12-242357.3,2,HdC2:,-,,,unknown,,,,7.1,8.586,,,,Warm,17:51:07.12,-24:23:57.3,Galactic,,WiFeS/3000,WISE_267.7796673_-24.3992703,normal,WISE_J175107.12-242357.3_July2012_Blue_306_unsmooth.fits,WISE_J175107.12-242357.3_July2012_Red_306_unsmooth.fits,,,,,267.7796673,-24.3992703,-127.89,3.12,,-137.91,0.116,0.037,-2.338,0.044,-2.412,0.027
1241,J175521.75-281131.2,,,,,,2 decline,IRAS_17522-2811,,,6.17,4.738,,,,Cool,17:55:21.75,-28:11:31.2,Galactic,,"SOAR Goodman,400 grating/1850",WISE_268.8406301_-28.1920148,one,WISE_268.8406301_-28.1920148_1122_blue.fits,WISE_268.8406301_-28.1920148_1122_red.fits,,,,,268.8406301,-28.1920148,,,,,0.211,0.042,-7.872,0.047,-1.539,0.029
197,J175558.51-164744.3,1,HdC1:,C2 0.5,,ctp,0.4 decline,,,,3.46,15.905,,,,Warm,17:55:58.51,-16:47:44.3,Galactic,,WiFeS/3000,WISE_268.9938183_-16.7956536,picky,WISE_J175558.51-164744.3__T2m3wb-20220716.143733-0231.spectrum.p11.fits,WISE_J175558.51-164744.3__T2m3wr-20220716.143733-0231.spectrum.p11.fits,,,,,268.9938183,-16.7956536,,,,-24.52,0.063,0.015,-4.356,0.017,-5.255,0.013
203,J175749.76-075314.9,4,HdC4:,C2 5,,,unknown,IRAS_17550-0753,,,5.2,,,,,Cool,17:57:49.76,-07:53:14.9,Galactic,,WiFeS/3000,WISE_269.4573706_-7.8874953,normal,WISE_J175749.76-075314.9_Aug2012_Blue_207_unsmooth.fits,WISE_J175749.76-075314.9_Aug2012_Red_207_unsmooth.fits,,,,,269.4573706,-7.8874953,-6.08,0.56,,-33.96,,,,,,
204,J175749.98-182522.8,6,HdC6:,-,,ctp,max,"2MASS_J17574999-1825229, GLIMPSE-RCB-Cand-2",,,7.84,,,,,Cool,17:57:49.98,-18:25:22.8,Galactic,,WiFeS/3000,WISE_269.4582740_-18.4230046,pickyone,WISE_J175749.98-182522.8__T2m3wr-20220716.163643-0234.spectrum.p11.fits,,,,,,269.458274,-18.4230046,,,,105.14,,,,,,
209,J180550.49-151301.7,2,HdC2:,C2 0.5,H0.5,ctp,0.5 decline,IRAS_18029-1513,,,4.83,8.793,,,,Warm,18:05:50.49,-15:13:01.7,Galactic,,WiFeS/3000,WISE_271.4603768_-15.2171411,picky,WISE_J180550.49-151301.7__T2m3wb-20220716.151101-0232.spectrum.p11.fits,WISE_J180550.49-151301.7__T2m3wr-20220716.151101-0232.spectrum.p11.fits,,,,,271.4603768,-15.2171411,172.7,3.66,,184.57,0.114,0.023,-5.594,0.023,-10.321,0.016
2645,J181252.50-233304.4,4,HdC4,C2 4.5,H0.5,,max,,,,5.09,,,,,Cool,18:12:52.50,-23:33:04.4,Galactic,,WiFeS/3000,WISE_273.2187521_-23.5512407,picky,WISE_J181252.50-233304.4__T2m3wb-20220316.180540-0156.spectrum.p11.fits,WISE_J181252.50-233304.4__T2m3wr-20220316.180540-0156.spectrum.cleaner.p11.fits,,,,,273.2187521,-23.5512407,,,,,,,,,,
220,J181538.25-203845.7,5,HdC5:,C2 5,H0.5,ctp,unknown,,,,7.14,,,,,Cool,18:15:38.25,-20:38:45.7,Galactic,,WiFeS/3000,WISE_273.9093832_-20.6460359,normal,WISE_J181538.25-203845.7_July2012_Blue_225_unsmooth.fits,WISE_J181538.25-203845.7_July2012_Red_225_unsmooth.fits,,,,,273.9093832,-20.6460359,,,,-111.29,,,,,,
,J182235.25-033213.2,7,HdC7:,-,,ctp,max,,,,6.26,,,,,Cool,18:22:35.25,-03:32:13.2,Galactic,,WiFeS/3000,J182235.25-033213.2,pickyone,WISE_J182235.25-033213.2__T2m3wr-20220715.150441-0148.spectrum.p11.fits,,,,,,,,,,,,,,,,,
1265,J182334.24-282957.1,,,,,,unknown,IRAS_18203-2831,,,0.964,,,,,Cool,18:23:34.24,-28:29:57.1,Galactic,,WiFeS/3000,WISE_275.8926718_-28.4991996,normal,WISE_J182334.24-282957.1_Aug2013_Blue_0227_unsmooth.fits,WISE_J182334.24-282957.1_Aug2013_Red_0227_unsmooth.fits,,,,,275.8926718,-28.4991996,,,,-73.88,,,,,,
1269,J182723.38-200830.1,7,HdC7:,C2 5.5,Li:,,unknown,IRAS_18244-2010,,,3.38,,,,,Cool,18:27:23.38,-20:08:30.1,Galactic,,WiFeS/3000,WISE_276.8474434_-20.1417190,normal,WISE_J182723.38-200830.1_Aug2013_Blue_0228_unsmooth.fits,WISE_J182723.38-200830.1_Aug2013_Red_0228_unsmooth.fits,,,,,276.8474434,-20.141719,,,,-28.75,,,,,,
231,J182943.83-190246.2,5,HdC5:,C2 5,,,0.5 decline,,,,1.86,12.943,,,,Cool,18:29:43.83,-19:02:46.2,Galactic,,WiFeS/3000,WISE_277.4326271_-19.0461747,picky,WISE_J182943.83-190246.2__T2m3wb-20210924.114359-0039.spectrum.p11.fits,WISE_J182943.83-190246.2__T2m3wr-20210924.114358-0039.spectrum.p11.fits,,,,,277.4326271,-19.0461747,26.37,0.46,,5.64,0.077,0.022,-2.833,0.023,-4.955,0.018
240,J183649.54-113420.7,7,HdC7:,C2 5.5,,,unknown,IRAS_18340-1136,,,4.09,6.574,,,,Cool,18:36:49.54,-11:34:20.7,Galactic,,WiFeS/3000,WISE_279.2064538_-11.5724423,normal,WISE_J183649.54-113420.7_July2012_Blue_233_unsmooth.fits,WISE_J183649.54-113420.7_July2012_Red_233_unsmooth.fits,,,,,279.2064538,-11.5724423,,,,81.9,0.152,0.04,-3.202,0.065,-7.303,0.055
249,J184158.40-054819.2,4,HdC4:,C2 4,,,unknown,,,,4.76,5.524,,,,Cool,18:41:58.40,-05:48:19.2,Galactic,,WiFeS/3000,WISE_280.4933622_-5.8053509,normal,WISE_J184158.40-054819.2_Aug2012_Blue_125_unsmooth.fits,WISE_J184158.40-054819.2_Aug2012_Red_125_unsmooth.fits,,,,,280.4933622,-5.8053509,,,,78.85,0.181,0.026,-0.407,0.027,-6.808,0.024
250,J184246.26-125414.7,7,HdC7:,C2 5.5,Li:,,unknown,IRAS_18399-1257,,,3.49,,,,,Cool,18:42:46.26,-12:54:14.7,Galactic,,WiFeS/3000,WISE_280.6927654_-12.9040899,normal,WISE_J184246.26-125414.7_July2013_Blue_4026_unsmooth.fits,WISE_J184246.26-125414.7_July2013_Red_4026_unsmooth.fits,,,,,280.6927654,-12.9040899,,,,49.42,,,,,,
257,J185525.52-025145.7,1,HdC1,C2 0.5,H1.5,,max,,small halpha,,4.28,17.72,,,,Warm,18:55:25.52,-02:51:45.7,Galactic,,WiFeS/3000,WISE_283.8563581_-2.8627120,normal,WISE_J185525.52-025145.7_Aug2012_Blue_126_unsmooth.fits,WISE_J185525.52-025145.7_Aug2012_Red_126_unsmooth.fits,,,,,283.8563581,-2.862712,,,,33.96,0.056,0.017,-3.086,0.02,-5.877,0.017
290,J194218.38-203247.5,6,HdC6,C2 5.5,Li:,,max,AKARI-IRC-V1_J1942183-203247,,,0.26,,,,,Cool,19:42:18.38,-20:32:47.5,Galactic,,WiFeS/3000,WISE_295.5765975_-20.5465352,normal,WISE_J194218.38-203247.5_June2012_Blue_243_unsmooth.fits,WISE_J194218.38-203247.5_June2012_Red_243_unsmooth.fits,,,,,295.5765975,-20.5465352,,,,,,,,,,
,MACHO 135.27132.51,,,,,,unknown,2MASS J18193375-2835580,,,1.6,,,,,Cool,18:19:33.76,-28:35:58.07,Galactic,,"magellan2,high_disp grism/?",MACHO135.27132.51,ntt,135.27132.51.ms.fits,,,,,,,,,,,,,,,,,
,MACHO 301.45783.9,,,,,,unknown,2MASS J18321860-1310495,,,3.38,,,,,Cool,18:32:18.60,-13:10:49.6,Galactic,,"magellan2,high_disp grism/?",MACHO301.45783.9,ntt,301.45783.9.ms.fits,,,,,,,,,,,,,,,,,
,MACHO 308.38099.66,7,HdC7,C2 5.5,,,max,2MASS J18192742-2124082,,,4.59,,,,,Cool,18:19:27.42,-21:24:08.20,Galactic,,WiFeS/3000,MACHO308.38099.66,picky,MACHO-308.38099.66__T2m3wb-20220413.183530-0442.spectrum.p11.fits,MACHO-308.38099.66__T2m3wr-20220413.183530-0442.spectrum.p11.fits,,,,,,,,,,,,,,,,
,MACHO 401.48170.2237,7,HdC7,C2 5.5,Li:,,max,,backwards,,3.49,,,,,Cool,17:57:59.02,-28:18:13.1,Galactic,,WiFeS/3000,MACHO401.48170.2237,picky,MACHO-401.48170.2237__T2m3wb-20220722.121253-0135.spectrum.p11.fits,MACHO-401.48170.2237__T2m3wr-20220722.121253-0135.spectrum.p11.fits,,,,,,,,,,87.09,,,,,,
,MV Sgr,,,,,,max,,,13.400,1.38,10.455,-3.07,,hot,Hot,18:44:31.97,-20:57:12.86,Galactic,,WiFeS/3000,MVSgr,AB,MVSgr_July2010_Blue-A_094_unsmooth.fits,MVSgr_July2010_Red-A_094_unsmooth.fits,MVSgr_July2010_Blue-B_094_unsmooth.fits,MVSgr_July2010_Red-B_094_unsmooth.fits,,,,,,,,,0.096,0.019,-4.681,0.023,-7.746,0.019
,NSV11154,5,HdC5:,C2 5.5,,,max,,extra spectra in folder,,0.07,,,,5200 (Y2013),Cool,18:37:51.26,47:23:23.47,Galactic,,TNG,NSV11154,TNG,NSV11154__LRR__LRS.2019-06-22T21-32-44.583.fits.gz,NSV11154__VHRV__LRS.2019-06-26T22-01-53.540.fits.gz,,,spec-56807-KP185111N464417V03_sp14-103.fits,,,,,,,-333.7,,,,,,
,OGLE-GC-RCB-1,,,,,,1.3 decline,NSV 22773,,,4.09,7.398,,,,Cool,17:35:18.11,-26:53:49.24,Galactic,,WiFeS/3000,OGLE-GC-RCB-1,normal,OGLE-GC-RCB-1_T2m3wb_July2011_0315_unsmooth.fits,OGLE-GC-RCB-1_T2m3wr_July2011_0315_unsmooth.fits,,,,,,,-52.29,0.58,,-46.43,0.135,0.034,-5.139,0.037,-7.005,0.024
,R CrB,1,HdC1:,C2 2,H0.5,,max,,from AAVSO,5.800,0.07,,,22.3 (L&C1997),6750 (A2000),Warm/Cool,15:48:34.41,28:09:24.30,Galactic,Majority,TNG,RCrB,TNG,RCrB__LRR__LRS.2019-06-21T21-41-59.768.fits.gz,RCrB__VHRV__LRS.2019-06-26T21-27-42.610.fits.gz,,,,,,,,,22.3,95.28,0.761,0.061,-2.447,0.144,-11.806,0.344
,RS Tel,3,HdC3,C2 3,,,max,,,9.900,0.238,5.773,-4.15,6.9 (L&C1997),6750 (A2000),Warm/Cool,18:18:51.22,-46:32:53.43,Galactic,Majority,WiFeS/3000,RSTel,AB,RSTel_July2010_Blue-A_146_unsmooth.fits,RSTel_July2010_Red-A_146_unsmooth.fits,RSTel_July2010_Blue-B_146_unsmooth.fits,RSTel_July2010_Red-B_146_unsmooth.fits,,,,,-1.02,2.1,6.9,-8.85,0.173,0.017,-2.73,0.017,-6.67,0.013
,RT Nor,2,HdC2,C2 3,H0.5,,max,,,10.150,0.634,5.906,-4.34,-43.9 (L&C1997),7000 (A2000),Cool,16:24:18.67,-59:20:38.57,Galactic,Majority,WiFeS/3000,RTNor,picky,RTNor__T2m3wb-20220314.180540-0035.spectrum.p11.fits,RTNor__T2m3wr-20220314.180540-0035.spectrum.p11.fits,,,,,,,,,-43.9,-69.2,0.169,0.019,-3.506,0.02,-5.604,0.017
,RY Sgr,1,HdC1,C2 1,H1.5,,max,,,6.300,0.41,1.701,-5.26,-20.5 (L&C1997),7250 (A2000),Warm,19:16:32.77,-33:31:20.33,Galactic,Majority,WiFeS/3000,RYSgr,AB,RYSgr_July2010_Blue-A_108_unsmooth.fits,RYSgr_July2010_Red-A_108_unsmooth.fits,RYSgr_July2010_Blue-B_108_unsmooth.fits,RYSgr_July2010_Red-B_108_unsmooth.fits,,,,,-16.02,4.68,-20.5,-56.57,0.588,0.027,8.957,0.025,-0.277,0.023
,RZ Nor,2,HdC2,C2 2.5,Li,,max,,new spectrum,10.400,1.598,,,,6750 (A2000),Warm/Cool,16:32:41.66,-53:15:33.2,Galactic,Majority,WiFeS/3000,RZNor,picky,RZNor__T2m3wb-20220314.182358-0036.spectrum.p11.fits,RZNor__T2m3wr-20220314.182358-0036.spectrum.p11.fits,,,,,,,,,,,,,,,,
,S Aps,5,HdC5,C2 5,Li:,,max,,,9.600,0.36,4.458,-4.01,-74.6 (L&C1997),5400 (A1997),Cool,15:09:24.54,-72:03:45.18,Galactic,,WiFeS/3000,SAps,AB,SAps_July2010_Blue-A_202_unsmooth.fits,SAps_July2010_Red-A_202_unsmooth.fits,SAps_July2010_Blue-B_202_unsmooth.fits,SAps_July2010_Red-B_202_unsmooth.fits,,,,,-82.13,0.71,-74.6,-104.18,0.224,0.017,-6.632,0.013,-2.155,0.017
,SU Tau,2,HdC2:,-,,ctp,max,,,9.800,1.6,,,43 (Pandey),6500 (A2000),,05:49:03.73,19:04:21.89,Galactic,Majority,TNG,SUTau,pickyone,SUTau_TNG-Nov2020_22T05-34-26_LRR.fits,,,,,,,,,,48,145.34,,,,,,
,SV Sge,6,HdC6,C2 5.5,,,max,,,10.450,1.49,2.613,-3.13,4 (Wilson1953),"5000-5200 (Y2013), 4010 (B2001)",Cool,19:08:11.77,17:37:41.17,Galactic,,WiFeS/3000,SVSge,normal,SVSge_T2m3wb_July2011_0311_unsmooth.fits,SVSge_T2m3wr_July2011_0311_unsmooth.fits,,,,,,,-4.58,0.81,,-15.72,0.383,0.015,-2.622,0.013,-1.236,0.013
,U Aqr,5,HdC5,C2 5,Sr,,max,,,11.200,0.095,11.641,-4.22,98.0 (L&C1997),6000 (A1997),Cool,22:03:19.70,-16:37:35.28,Galactic,,WiFeS/3000,UAqr,AB,UAqr_July2010_Blue-A_109_unsmooth.fits,UAqr_July2010_Red-A_109_unsmooth.fits,UAqr_July2010_Blue-B_109_unsmooth.fits,UAqr_July2010_Red-B_109_unsmooth.fits,,,,,89.49,1.54,98,69.07,0.086,0.022,2.78,0.024,-1.907,0.02
,UV Cas,2,HdC2:,C2 0.5,,ctp,max,,Patrick: waiting on reduction,10.600,2.53,3.331,-4.54,-32 (Pandey),7250 (A2000),Warm,23:02:14.66,59:36:36.69,Galactic,Majority,TNG,UVCas,TNG,UVCas__LRR__LRS.2019-06-26T05-06-28.539.fits.gz,UVCas__VHRV__LRS.2019-06-26T05-19-05.832.fits.gz,,,,,,,-28.02,0.8,-31,0,0.3,0.01,0.005,0.011,-0.294,0.012
,UW Cen,,,,,,1 decline,,,9.400,1.032,4.967,-5.11,-16.1 (L&C1997),7500 (A2000),Warm,12:43:17.19,-54:31:40.76,Galactic,Majority,WiFeS/3000,UWCen,picky,UWCen__T2m3wb-20220216.173043-0428.spectrum.p11.fits.gz,UWCen__T2m3wr-20220216.173043-0428.spectrum.p11.fits.gz,,,,,,,-28.37,0.68,-16.1,0,0.201,0.017,-7.965,0.011,-1.731,0.015
,UX Ant,1,HdC1,C2 2,H1,,max,,,12.000,0.247,,,144.3 (L&C1997),7000 (A2000),Warm,10:57:09.06,-37:23:55.13,Galactic,Majority,WiFeS/3000,UXAnt,picky,UXAnt__T2m3wb-20220216.172007-0427.spectrum.p11.fits.gz,UXAnt__T2m3wr-20220216.172007-0427.spectrum.p11.fits.gz,,,,,,,147.29,0.99,144.3,151.28,,,,,,
,V CrA,,,,,,0.7 decline,,,9.700,0.299,,,-7.9 (L&C1997),6250 (A2000),Warm/Cool,18:47:32.31,-38:09:32.32,Galactic,Minority,WiFeS/3000,VCrA,normal,VCrA_T2m3wb_July2011_0225_unsmooth.fits,VCrA_T2m3wr_July2011_0225_unsmooth.fits,,,,,,,-4.35,2.85,-7.9,29.76,,,,,,
,V1157 Sgr,6,HdC6:,C2 5.5,,,0.5 decline,,,11.500,0.52,3.819,-1.93,12 (Evans1991),,Cool,19:45:42.36,-26:35:26.54,Galactic,,WiFeS/3000,V1157Sge,normal,V1157Sgr_230_Blue.fits,V1157Sgr_230_Red.fits,,,,,,,23.21,1.04,,,0.262,0.064,-1.744,0.075,-0.096,0.056
,V1783 Sgr,5,HdC5,C2 5,,,max,,,10.600,1.563,6.246,-4.94,117 (Evans1991),,Cool,18:04:49.74,-32:43:13.63,Galactic,,WiFeS/3000,V1783Sgr,AB,V1783Sgr_July2010_Blue-A_145_unsmooth.fits,V1783Sgr_July2010_Red-A_145_unsmooth.fits,V1783Sgr_July2010_Blue-B_145_unsmooth.fits,V1783Sgr_July2010_Red-B_145_unsmooth.fits,,,,,,,,119.63,0.16,0.039,-1.736,0.042,-6.818,0.029
,V2552 Oph,1,HdC1,C2 0.5,H1,,max,,,10.900,2.42,4.865,-4.96,60.5 (R&L2003),6750 (R&L2003),Warm,17:23:14.55,-22:52:06.32,Galactic,,WiFeS/3000,V2552Oph,picky,V2552Oph__T2m3wb-20220715.110047-0139.spectrum.p11.fits,V2552Oph__T2m3wr-20220715.110047-0139.spectrum.p11.fits,,,,,,,65.08,0.99,,68.09,0.206,0.015,3.245,0.019,-7.314,0.012
,V2331 Sgr,,,,,,0.7 mag decline,commonly confused for ASAS-RCB-6,,,2.886,,,,,Cool,18:17:06.85,-23:57:51.35,Galactic,,WiFeS/3000,V2331Sgr,picky,V2331Sgr__T2m3wb-20220722.113712-0134.spectrum.p11.fits,V2331Sgr__T2m3wr-20220722.113712-0134.spectrum.p11.fits,,,,,,,,,,,,,,,,
,V348 Sgr,,,,,,max,,,,1.12,,,,hot,Hot,18:40:19.93,-22:54:29.39,Galactic,,WiFeS/3000,V348Sgr,AB,V348Sgr_July2010_Blue-A_106_unsmooth.fits,V348Sgr_July2010_Red-A_106_unsmooth.fits,V348Sgr_July2010_Blue-B_106_unsmooth.fits,V348Sgr_July2010_Red-B_106_unsmooth.fits,,,,,,,,,,,,,,
,V3795 Sgr,0,HdC0,C2 0.5,,,max,,,10.950,2.71,,,,8000 (A2000),Warm,18:13:23.56,-25:46:40.89,Galactic,Minority,WiFeS/3000,V3795Sgr,AB,V3795Sgr_July2010_Blue-A_132_unsmooth.fits,V3795Sgr_July2010_Red-A_132_unsmooth.fits,V3795Sgr_July2010_Blue-B_132_unsmooth.fits,V3795Sgr_July2010_Red-B_132_unsmooth.fits,,,,,,,-30,,,,,,,
,V391 Sct,1,HdC1,C2 0.5,H1 Li:,,max,,,13.250,3.68,,,,,Warm,18:28:06.61,-15:54:44.13,Galactic,,WiFeS/3000,V391Sct,AB,V391Sct_July2010_Blue-A_093_unsmooth.fits,V391Sct_July2010_Red-A_093_unsmooth.fits,V391Sct_July2010_Blue-B_093_unsmooth.fits,V391Sct_July2010_Red-B_093_unsmooth.fits,,,,,-16.76,0.5,,5,,,,,,
,V4017 Sgr,4,HdC4,C2 3,,,max,,,10.800,0.78,5.643,-3.74,,,Cool,18:18:02.29,-29:29:33.04,Galactic,,WiFeS/3000,V4017Sgr,normal,WISE_274.5095441_-29.4924958_226_Blue.fits,WISE_274.5095441_-29.4924958_226_Red.fits,,,,,,,,,,,0.177,0.022,-2,0.023,-4.462,0.016
,V482 Cyg,1,HdC1:,C2 1.5,,,max,,Patrick: waiting on reduction,10.850,2.86,3.824,-4.92,-41.2 (R&L1993),6500 (A2000),Warm,19:59:42.57,33:59:27.94,Galactic,Majority,TNG,V482Cyg,TNG,V482Cyg__LRR__LRS.2019-06-26T03-09-51.981.fits.gz,V482Cyg__VHRV__LRS.2019-06-26T03-24-35.377.fits.gz,,,,,,,,,-41,,0.262,0.011,-1.917,0.01,-6.053,0.012
,V517 Oph,6,HdC6,C2 5.5,Li:,,max,,,11.400,1.86,3.642,-6.41,21 (Kilkenny1992),,Cool,17:15:19.73,-29:05:37.40,Galactic,,WiFeS/3000,V517Oph,picky,V517Oph__T2m3wb-20220715.094634-0135.spectrum.p11.fits,V517Oph__T2m3wr-20220715.102341-0137.spectrum.p11.fits,,,,,,,,,,-31.27,0.275,0.026,-4.236,0.03,-0.799,0.021
,V532 Oph,1,HdC1:,C2 1,,,0.3 decline,,median averaged the spectra,,2.6,7.294,,,,Warm,17:32:42.61,-21:51:40.76,Galactic,Majority,TNG,V532Oph,picky,V532Oph__T2m3wb-20220802.093209-0133.spectrum.p11.fits,V532Oph__T2m3wr-20220802.093209-0133.spectrum.p11.fits,,,median_combine.txt,,,,,,,,0.137,0.022,-4.586,0.023,-7.288,0.015
,V739 Sgr,6,HdC6:,C2 5.5,,ctp,0.4 decline,,,12.900,1.45,8.469,-3.19,12 (Evans1991),,Cool,18:13:10.56,-30:16:14.73,Galactic,,WiFeS/3000,V739Sgr,AB,V739Sgr_July2010_Blue-A_131_unsmooth.fits,V739Sgr_July2010_Red-A_131_unsmooth.fits,V739Sgr_July2010_Blue-B_131_unsmooth.fits,V739Sgr_July2010_Red-B_131_unsmooth.fits,,,,,,,,-24.65,0.118,0.019,-2.433,0.023,-7.751,0.016
,V854 Cen,1,HdC1,C2 0.5,H3b,,max,,halpha,7.000,0.309,,,-25.1 (L&C1989),6750 (A1998),Warm,14:34:49.40,-39:33:19.28,Galactic,Minority,WiFeS/3000,V854Cen,normal,V854Cen_T2m3wb_July2011_0208_unsmooth.fits,V854Cen_T2m3wr_July2011_0208_unsmooth.fits,,,,,,,,,-25.1,,,,,,,
,VZ Sgr,1,HdC1,C2 0.5,H1,,max,,,10.350,1.04,9.206,-5.51,251.3 (L&C1997),7000 (A2000),Warm,18:15:08.57,-29:42:29.50,Galactic,Minority,WiFeS/3000,VZSgr,AB,VZSgr_July2010_Blue-A_211_unsmooth.fits,VZSgr_July2010_Red-A_211_unsmooth.fits,VZSgr_July2010_Blue-B_211_unsmooth.fits,VZSgr_July2010_Red-B_211_unsmooth.fits,,,,,248.86,1.67,251.3,239.3,0.109,0.021,-6.517,0.024,-4.942,0.018
,WX CrA,5,HdC5:,C2 5,,,0.4 decline,,,10.600,0.431,6.095,-3.76,-3.8 (L&C1997),5300 (A1997),Cool,18:08:50.49,-37:19:43.21,Galactic,,WiFeS/3000,WXCrA,AB,WXCrA_July2010_Blue-A_210_unsmooth.fits,WXCrA_July2010_Red-A_210_unsmooth.fits,WXCrA_July2010_Blue-B_210_unsmooth.fits,WXCrA_July2010_Red-B_210_unsmooth.fits,,,,,,,-3.8,2.56,0.164,0.028,1.421,0.028,-7.108,0.021
,XX Cam,2,HdC2:,-,,ctp,max,,have some echelle spectra,7.300,1.23,1.378,-4.63,9.3 (L&C1997),7250 (A2000),,04:08:38.75,53:21:39.35,Galactic,Majority,TNG,XXCam,pickyone,XXCam_TNG-Nov2020_22T04-50-23_LRR.fits,,,,,,,,,,9.3,209.32,0.725,0.018,1.849,0.02,-2.664,0.016
,Y Mus,0,HdC0,C2 0.5,,,max,,,10.250,2.229,5.249,-5.58,31.5 (L&C1997),7250 (A2000),Warm,13:05:48.20,-65:30:46.62,Galactic,Majority,WiFeS/3000,YMus,AB,YMus_July2010_Blue-A_200_unsmooth.fits,YMus_July2010_Red-A_200_unsmooth.fits,YMus_July2010_Blue-B_200_unsmooth.fits,YMus_July2010_Red-B_200_unsmooth.fits,,,,,32.74,1.04,31.5,0.46,0.191,0.011,-7.024,0.009,-2.658,0.012
,Z Umi,5,HdC5:,C2 5.5,,,max,,Patrick: waiting on reduction,,0.41,4.631,,-37 (Goswami1997),"5250 (K&K2003), 4600-4700 (Y2013)",Cool,15:02:01.37,83:03:48.63,Galactic,,TNG,ZUmi,TNG,ZUmi__LRR__LRS.2019-06-21T21-56-51.392.fits.gz,ZUmi__VHRV__LRS.2019-06-26T21-44-51.194.fits.gz,,,,,,,-32.32,2.03,-37,-65.12,0.216,0.023,-7.346,0.028,4.322,0.031
,HD137613,4,HdC4,C2 3.5,,,dLHdC,,HdC,,0.37,1.287,,70.8 (L&C1997),5400 (A1997),Cool,15:27:48.32,-25:10:10.13,Galactic,,WiFeS/3000,HD137613,AB,HD137613_July2010_Blue-A_203_unsmooth.fits,HD137613_July2010_Red-A_203_unsmooth.fits,HD137613_July2010_Blue-B_203_unsmooth.fits,HD137613_July2010_Red-B_203_unsmooth.fits,,,,,,,70.8,37,,,,,,
,HD148839,2,HdC2,C2 3,H2 Li:,,dLHdC,,HdC,,0.228,1.799,,-12.2 (L&C1997),5625 (B2001),Warm/Cool,16:35:45.79,-67:07:36.69,Galactic,,WiFeS/3000,HD148839,AB,HD148839_July2010_Blue-A_204_unsmooth.fits,HD148839_July2010_Red-A_204_unsmooth.fits,HD148839_July2010_Blue-B_204_unsmooth.fits,HD148839_July2010_Red-B_204_unsmooth.fits,,,,,,,-12.2,-4.8,,,,,,
,HD173409,2,HdC2,C2 3,,,dLHdC,,HdC,,0.454,2.205,,-58.6 (L&C1997),6100 (A1997),Warm/Cool,18:46:26.63,-31:20:32.08,Galactic,,WiFeS/3000,HD173409,AB,HD173409_July2010_Blue-A_140_unsmooth.fits,HD173409_July2010_Red-A_140_unsmooth.fits,HD173409_July2010_Blue-B_140_unsmooth.fits,HD173409_July2010_Red-B_140_unsmooth.fits,,,,,,,-58.6,-57.71,,,,,,
,HD175893,4,HdC4,C2 3.5,,,max,,RCB!,,0.45,4.447,,56.2 (L&C1997),5640 (B2001),Cool,18:58:47.29,-29:30:18.07,Galactic,,WiFeS/3000,HD175893,AB,HD175893_July2010_Blue-A_141_unsmooth.fits,HD175893_July2010_Red-A_141_unsmooth.fits,HD175893_July2010_Blue-B_141_unsmooth.fits,HD175893_July2010_Red-B_141_unsmooth.fits,,,,,,,56.2,30.67,,,,,,
,HD182040,2,HdC2,C2 4,,,dLHdC,,HdC,,0.67,0.913,,-34.9 (L&C1997),5590 (B2001),Cool,19:23:10.08,-10:42:11.54,Galactic,,WiFeS/3000,HD182040,AB,HD182040_July2010_Blue-A_142_unsmooth.fits,HD182040_July2010_Red-A_142_unsmooth.fits,HD182040_July2010_Blue-B_142_unsmooth.fits,HD182040_July2010_Red-B_142_unsmooth.fits,,,,,,,-34.9,-37.52,,,,,,
,HV 2671,,,,,,,MACHO 11.8632.2507,,,0.401,,,,hot,Hot,05:33:48.94,-70:13:23.43,Magellanic,,unknown/2.2A per pix,HV2671,,,,,,ClaKi1.txt,,,,,,,,,,,,,
,HV 5637,,,,,,,2MASS J05113136-6755506,,14.780,0.317,49.97,,,,Cool,05:11:31.38,-67:55:50.81,Magellanic,,unknown/2.2A per pix,HV5637,,,,,,hv5637-ccd.txt,hv5637-940903.mon,,,,,,,,,,,,
,W Men,1,HdC1:,C2 0.5,H0.5,,0.3 decline,2MASS J05262451-7111117,cosmic at 7000,13.750,0.284,49.97,,,6700 (P1994),Warm,05:26:24.53,-71:11:11.80,Magellanic,,WiFeS/3000,WMen,picky,WMen__T2m3wb-20220715.200257-0156.spectrum.p11.fits,WMen__T2m3wr-20220715.200257-0156.spectrum.p11.fits,,,,,,,,,,,,,,,,
,HV 12842,,,,,,,ASAS J054503-6424.4,,13.750,0.184,49.97,,,6800 (P1994),Warm/Cool,05:45:02.88,-64:24:22.72,Magellanic,,unknown/2.2A per pix,HV12842,,,,,,hv12842-ccd.dat,hv12842-940904.mon,,,,,,,,,,,,
,MACHO-81.8394.1358,6,HdC6:,C2 5.5,H0.5 Li:,,unknown,OGLE LMC-RCB-17,,,0.301,49.97,,,,Cool,05:32:13.35,-69:55:57.67,Magellanic,,WiFeS/3000,MACHO81.8394.1358,picky,MACHO-81.8394.1358__T2m3wb-20220219.100019-0731.spectrum.p11.fits.gz,MACHO-81.8394.1358__T2m3wr-20220219.100019-0731.spectrum.p11.fits.gz,,,,,,,,,,,,,,,,
,MACHO-6.6575.13,,,,,,,OGLE LMC-RCB-10,too faint to observe last time,,0.367,49.97,,,,,05:20:48.21,-70:12:12.54,Magellanic,,,,,,,,,,,,,,,,,,,,,,
,MACHO-6.6696.60,,,,,,,"HV 942, OGLE LMC-RCB-11",,14.220,0.267,49.97,,,,Warm/Cool,05:21:47.97,-70:09:57.09,Magellanic,,unknown/2.2A per pix,MACHO6.6696.60,,,,,,6.6696-ccd.dat,,,,,,,,,,,,,
,MACHO-12.10803.56,,,,,,,OGLE LMC-RCB-22,,15.100,0.418,49.97,,,,Cool,05:46:47.74,-70:38:13.43,Magellanic,,unknown/1.4A per pix,MACHO12.10803.56,,,,,,12.10803-ccd.dat,,,,,,,,,,,,,
,MACHO-16.5641.22,,,,,,,"HV 2379, OGLE LMC-RCB-7",old spectrum in paper (patrick can maybe get it),15.290,0.301,49.97,,,,,05:14:46.20,-67:55:47.64,Magellanic,,,,,,,,,,,,,,,,,,,,,,
,MACHO-18.3325.148,,,,,,,"HV 12524, OGLE LMC-RCB-2",,14.900,0.317,49.97,,,,Cool,05:01:00.38,-69:03:43.13,Magellanic,,unknown/2.2A per pix,MACHO18.3325.148,,,,,,18.3325-ccd.dat,,,,,,,,,,,,,
,MACHO-79.5743.15,,,,,,,OGLE LMC-RCB-8,,15.300,0.234,49.97,,,,Cool,05:15:51.79,-69:10:08.64,Magellanic,,unknown/1.4A per pix,MACHO79.5743.15,,,,,,79.5743-ccd.dat,,,,,,,,,,,,,
,MACHO-80.6956.207,6,HdC6:,C2 5.5,Li:,,unknown,OGLE LMC-RCB-12,,15.950,0.534,49.97,,,,Cool,05:22:57.38,-68:58:18.89,Magellanic,,WiFeS/3000,MACHO80.6956.207,picky,MACHO-80.6956.207__T2m3wb-20220219.101857-0732.spectrum.p11.fits.gz,MACHO-80.6956.207__T2m3wr-20220219.101857-0732.spectrum.p11.fits.gz,,,,,,,,,,,,,,,,
,MACHO-80.7559.28,,,,,,,OGLE LMC-RCB-14,,15.610,0.284,49.97,,,,Cool,05:26:33.92,-69:07:33.32,Magellanic,,unknown/1.4A per pix,MACHO80.7559.28,,,,,,80.7559-ccd.dat,,,,,,,,,,,,,
,EROS2-LMC-RCB-1,,,,,,1.5 decline,OGLE LMC-RCB-6,,15.100,0.284,49.97,-4.21,,,Cool,05:14:40.22,-69:58:39.97,Magellanic,,DBS,EROS2_LMC_RCB_1,one,EROS2-LMC-RCB-1__2.3m-DBS__r+b_lmc0094n.fits,,,,,,,,,,,,,,,,,
,EROS2-LMC-RCB-2,4,HdC4,C2 5,,,max,OGLE LMC-RCB-4,plate spectrum,14.470,0.267,49.97,-4.83,,,Cool,05:10:28.53,-69:47:04.50,Magellanic,,DBS,EROS2_LMC_RCB_2,one,EROS2-LMC-RCB-2__2.3m-DBS__r+b_lmc0105m.fits,,,,,,,,,,,,,,,,,
,EROS2-LMC-RCB-3,4,HdC4:,C2 5,Li: Sr,,0.4 decline,OGLE LMC-RCB-1,plate spectrum,14.280,0.351,49.97,-5.06,,,Cool,04:59:35.83,-68:24:44.81,Magellanic,,DBS,EROS2_LMC_RCB_3,one,EROS2-LMC-RCB-3__2.3m-DBS__tr+b_lmc0174k.fits,,,,,,,,,,,,,,,,,
,EROS2-LMC-RCB-4,,,,,,1.1 decline,OGLE LMC-RCB-19,,15.120,0.267,49.97,-3.74,,,Cool,05:39:36.98,-71:55:46.79,Magellanic,,DBS,EROS2_LMC_RCB_4,one,EROS2-LMC-RCB-4__2.3m-DBS__PW-tr+b_eros2-lmc-rcb4.fits,,EROS2-LMC-RCB-4__2.3m-DBS__tr+b_lmc0720k.fits,,,,,,,,,,,,,,,
,EROS2-LMC-RCB-5,5,HdC5,C2 5.5,,,max,OGLE LMC-RCB-23,plate spectrum,14.400,0.434,49.97,-4.38,,,Cool,06:04:05.48,-72:51:22.78,Magellanic,,DBS,EROS2_LMC_RCB_5,one,EROS2-LMC-RCB-5__2.3m-DBS__tr+b_lmc0745l.fits,,,,,,,,,,,,,,,,,
,EROS2-LMC-RCB-6,,,,,,full decline,2MASS J06121050-7405100,need higher S/N spectrum,,0.468,49.97,,,,Cool,06:12:10.51,-74:05:09.94,Magellanic,,WiFeS/3000,EROS2_LMC_RCB_6,normal,EROS2-LMC-RCB-6_125_Blue.fits,EROS2-LMC-RCB-6_125_Red.fits,,,,,,,,,,,,,,,,
,ASAS J050232-7218.9,4,HdC4,C2 5,Li:,,max,SP77 33-7,,14.400,0.317,49.97,,,,,05:02:32.26,-72:18:53.56,Magellanic,,WiFeS/3000,ASASJ050232-7218.9,picky,ASASJ050232-7218.9__T2m3wb-20220218.172159-0644.spectrum.p11.fits.gz,ASASJ050232-7218.9__T2m3wr-20220218.172159-0644.spectrum.p11.fits.gz,,,,,,,,,,,,,,,,
,EROS2-SMC-RCB-1,,,,,,0.9 decline,2MASS J00374710-7339022,,,0.1,62.44,,,,Cool,00:37:47.10,-73:39:02.40,Magellanic,,DBS,EROS2_SMC_RCB_1,one,EROS2-SMC-RCB-1__2.3m-DBS__PW-r+b_eros2-smc-rcb-1.fits,,,,,,,,,,,,,,,,,
,EROS2-SMC-RCB-2,,,,,,0.6 decline,RAW 476,,14.800,0.1,62.44,-4.48,,,Cool,00:48:22.95,-73:41:04.65,Magellanic,,WiFeS/3000,EROS2_SMC_RCB_2,normal,EROS2-SMC-RCB-2__WISE_12.0956406_-73.6846163_238_Blue.fits,EROS2-SMC-RCB-2__WISE_12.0956406_-73.6846163_238_Red.fits,,,,,,,,,,,,,,,,
,EROS2-SMC-RCB-3,,,,,,full decline,"MSX-SMC-155, MACHO 207.16426.1662",,,0.2,62.44,,,,Cool,00:57:18.15,-72:42:35.20,Magellanic,,DBS,EROS2_SMC_RCB_3,one,EROS2-SMC-RCB-3__2.3m-DBS__r+b_smc0067m.fits,,,,,,,,,,,,,,,,,
,MSX-SMC-014,,,,,,unknown,WISE J004616.30-741113.5,,,0.1,62.44,,,,Cool,00:46:16.33,-74:11:13.60,Magellanic,,AAT,MSX_SMC_014,AAT,MSX-SMC-014__AAT-DevikaKamath__J004616.25-741113.5rcbSMC2.fits,,,,,,,,,,,,,,,,,
5003,J005010.67-694357.7,2,HdC2,C2 2,,ctp,max,[MH95]_580,,14.450,0.05,62.44,-4.59,,,Warm/Cool,00:50:10.67,-69:43:57.7,Magellanic,,WiFeS/3000,WISE_12.5444715_-69.7327009,normal,WISE_12.5444715_-69.7327009_3036_Blue.fits,WISE_12.5444715_-69.7327009_3036_Red.fits,WISE_12.5444715_-69.7327009_1053_Blue.fits,WISE_12.5444715_-69.7327009_1053_Red.fits,,,12.5444715,-69.7327009,,,,,,,,,,
5004,J005113.58-731036.3,8,HdC8:,C2 5.5,,,unknown,RAW_658,,,0.2,62.44,,,,Cool,00:51:13.58,-73:10:36.3,Magellanic,,WiFeS/3000,WISE_12.8066122_-73.1767533,normal,OGLESAGE-Eye-26_034_Blue.fits,OGLESAGE-Eye-26_034_Red.fits,,,,,12.8066122,-73.1767533,,,,,,,,,,
5039,MSX-LMC-1795,,,,,,full decline,"OGLE-LMC-RCB-21, MSX_LMC_1795",,,0.718,49.97,,,,Cool,05:42:21.90,-69:02:59.1,Magellanic,,,WISE_85.5913303_-69.0498150,normal,OGLESAGE-19_019_Blue.fits,OGLESAGE-19_019_Red.fits,,,,,85.5913303,-69.049815,,,,,,,,,,
5042,J055643.56-715510.7,3,HdC3,C2 4,,,max,HV 12862,,14.400,0.334,49.97,-4.31,,,Warm/Cool,05:56:43.56,-71:55:10.7,Magellanic,,WiFeS/3000,WISE_89.1815203_-71.9196475,normal,WISE-Magellanic-5_8076_Blue.fits,WISE-Magellanic-5_8076_Red.fits,,,,,89.1815203,-71.9196475,,,,,,,,,,
6005,J053745.70-635330.8,,,,,,,IRAS_05374-6355,,,0.184,49.97,,,,Hot,05:37:45.70,-63:53:30.8,Magellanic,,WiFeS/3000,WISE_84.4404493_-63.8919098,normal,WISE-Magellanic-1_8078_Blue.fits,WISE-Magellanic-1_8078_Red.fits,,,,,84.4404493,-63.8919098,,,,,,,,,,
,J170552.81-163416.5,,,,,,,,,,,,,,,,17:05:53,-16:34:17,Galactic,,,,,,,,,,,,,,,,,,,,,,
,J173737.07-072828.1,8,HdC8:,-,H0.5,,decline,,,,2.788,7.426,,,,,17:37:37,-07:28:28,Galactic,,WiFeS/3000,WISE-ToI-1225,picky,WISE-ToI-1225__T2m3wb-20220218.184056-0647.spectrum.p11.fits.gz,WISE-ToI-1225__T2m3wr-20220218.184056-0647.spectrum.p11.fits.gz,,,,,,,,,,,,,,,,
,J185726.40+134909.4,,,,,,,,,,,,,,,,18:57:26,13:49:09,Galactic,,,,,,,,,,,,,,,,,,,,,,
,J181836.38-181732.8,4,HdC4:,C2 5,H0.5,,decline,,,,8.85,,,,,,18:18:36,-18:17:33,Galactic,,WiFeS/3000,WISE-ToI-222,picky,WISE-ToI-222__T2m3wb-20220316.183311-0157.spectrum.p11.fits,WISE-ToI-222__T2m3wr-20220316.183311-0157.spectrum.cleaner.p11.fits,,,,,,,,,,,,,,,,
,J190813.12+042154.1,,,,,,,,,,,4.551,,,,,19:08:13,04:21:54,Galactic,,,,,,,,,,,,,,,,,,,,,,
,J192348.98+161433.7,,,,,,,,,,,,,,,,19:23:49,16:14:34,Galactic,,,,,,,,,,,,,,,,,,,,,,
,J004822.34+741757.4,,,,,,,,,,,,,,,,00:48:22,74:17:57,Galactic,,,,,,,,,,,,,,,,,,,,,,
,J005128.08+645651.7,,EHe,,,,max,,,,3.46,6.466,,,,,00:51:28,64:56:52,Galactic,,TNG,J005128.08+645651.7,pickyone,WISE-ToI-8_TNG-Nov2020_21T02-26-06_LRR.fits,,,,,,,,,,,,,,,,,
,KDM 5651,4,HdC4,C2 5,,,max,"KDM 5651, dLS114, OGLE-LMC-RCB-20",,15.200,0.367,19.97,-2.64,,,Cool,05:41:23.50,-70:58:01.8,Magellanic,,WiFeS/3000,KDM_5651,picky,KDM5651__T2m3wb-20220212.105326-0046.spectrum.p11.fits,KDM5651__T2m3wr-20220212.105326-0046.spectrum.p11.fits,,,,,85.347875,-70.9671667,,,,,,,,,,
,A166,,,,Ba H Li:,,dLHdC,,,,0.22,,,,,Warm/Cool,13:03:13.562,-19:09:22.679,Galactic,,WiFeS/3000,HdCcand-A166,picky,HdCcand-A166__T2m3wb-20220314.153809-0023.spectrum.p11.fits,HdCcand-A166__T2m3wr-20220314.153809-0023.spectrum.p11.fits,,,,,,,,,,,,,,,,
,A182,2,HdC2,C2 3,H0.5,,dLHdC,C_2277,,,0.771,,,,,Warm/Cool,15:47:39.0,-44:35:13.82,Galactic,,WiFeS/3000,C_2277,picky,T2m3wb-20210409.174540-0051.spectrum.fits,T2m3wr-20210409.174540-0051.spectrum.fits,,,,,,,,,,,,,,,,
,A183,3,HdC3,C2 3,H1.5 Li:,,dLHdC,,,,1.656,,,,,Warm/Cool,15:50:33.036,-39:44:11.288,Galactic,,WiFeS/3000,HdCcand-A183,picky,T2m3wb-20210520.115903-0065.spectrum.p11.fits,T2m3wr-20210520.115903-0065.spectrum.p11.fits,,,,,,,,,,,,,,,,
,A223,3,HdC3,C2 3,H0.5,,dLHdC,C_2679,,,1.6,,,,,Cool,18:56:35.4,-16:09:12,Galactic,,WiFeS/3000,C_2679,picky,T2m3wb-20210414.193106-0042.spectrum.fits,T2m3wr-20210414.193106-0042.spectrum.fits,,,,,,,,,,,,,,,,
,A226,2,HdC2,C2 3,H0.5,,dLHdC,,,,0.48,,,,,Warm/Cool,19:02:26.534,-22:28:45.122,Galactic,,WiFeS/3000,HdCcand-A226,picky,T2m3wb-20210520.193545-0094.spectrum.p11.fits,T2m3wr-20210520.193545-0094.spectrum.p11.fits,,,,,,,,,,,,,,,,
,A249,1,HdC1,C2 3,Sr H1,,dLHdC,CD-51_12650,,,0.078,,,,,Warm/Cool,20:39:33.9,-51:23:01,Galactic,,WiFeS/3000,CD-51_12650,picky,T2m3wb-20210414.194926-0045.spectrum.fits,T2m3wr-20210414.194926-0045.spectrum.fits,,,,,,,,,,,,,,,,
,A770,4,HdC4,C2 5,H0.5 Li:,,dLHdC,,,,1.693,,,,,Cool,17:02:44.56,-33:35:15.493,Galactic,,WiFeS/3000,HdCcand-A770,picky,HdCcand-A770__T2m3wb-20210924.090111-0024.spectrum.p11.fits,HdCcand-A770__T2m3wr-20210924.090111-0024.spectrum.p11.fits,,,,,,,,,,,,,,,,
,A811,3,HdC3,C2 3.5,H1.5 Li:,,dLHdC,,,,2.19,,,,,Cool,18:54:17.254,-11:50:23.162,Galactic,,WiFeS/3000,HdCcand-A811,picky,T2m3wb-20210825.145552-0066.spectrum.p11.fits,T2m3wr-20210825.145552-0066.spectrum.p11.fits,,,,,,,,,,,,,,,,
,A814,4,HdC4,C2 4,H0.5 Li: CN-,,dLHdC,,,,3.05,,,,,Cool,18:59:28.337,11:49:33.843,Galactic,,WiFeS/3000,HdCcand-A814,picky,HdCcand-A814__T2m3wb-20210926.095000-0054.spectrum.p11.fits,HdCcand-A814__T2m3wr-20210926.095000-0054.spectrum.p11.fits,,,,,,,,,,,,,,,,
,A977,4,HdC4,C2 4.5,Li:,,dLHdC,,,,3.68,,,,,Cool,17:42:42.290,-24:18:05.78,Galactic,,WiFeS/3000,HdCcand-A977,picky,HdCcand-A977__T2m3wb-20211018.100442-0027.spectrum.p11.fits,HdCcand-A977__T2m3wr-20211018.100442-0027.spectrum.p11.fits,,,,,,,,,,,,,,,,
,A980,0,HdC0,C2 0.5,H1 Li:,,dLHdC,,,,0.927,,,,,Warm,18:11:35.616,01:54:32.586,Galactic,,WiFeS/3000,HdCcand-A980,picky,HdCcand-A980__T2m3wb-20211018.102049-0029.spectrum.p11.fits,HdCcand-A980__T2m3wr-20211018.102049-0029.spectrum.p11.fits,,,,,,,,,,,,,,,,
,B42,4,HdC4,C2 4.5,H0.5,,dLHdC,SOPS_II_e-12,,,1.157,,,,,Cool,18:13:40.5,-31:29:53,Galactic,,WiFeS/3000,SOPS_II_e-12,picky,T2m3wb-20210411.153916-0051.spectrum.fits,T2m3wr-20210411.153916-0051.spectrum.fits,,,,,,,,,,,,,,,,
,B563,3,HdC3,C2 4.5,H0.5 Li:,,dLHdC,,,,2.94,,,,,Cool,17:19:29.026,-24:28:33.883,Galactic,,WiFeS/3000,HdCcand-B563,picky,HdCcand-B563__T2m3wb-20210924.093219-0027.spectrum.p11.fits,HdCcand-B563__T2m3wr-20210924.093219-0027.spectrum.p11.fits,,,,,,,,,,,,,,,,
,B564,0,HdC0,C2 0.5,H0.5 Li:,,dLHdC,,,,1.86,,,,,Warm,17:34:26.192,-41:05:22.167,Galactic,,WiFeS/3000,HdCcand-B564,picky,T2m3wb-20210911.103238-0047.spectrum.p11.fits,T2m3wr-20210911.103238-0047.spectrum.p11.fits,,,,,,,,,,,,,,,,
,B565,2,HdC2,C2 3.5,H1 Li:,ctp,dLHdC,,,,2.23,,,,,Warm/Cool,17:40:48.480,-20:32:20.151,Galactic,,WiFeS/3000,HdCcand-B565,picky,T2m3wb-20210910.113213-0043.spectrum.p11.fits,T2m3wr-20210910.113213-0043.spectrum.p11.fits,,,,,,,,,,,,,,,,
,B566,2,HdC2,C2 3,H0.5,,dLHdC,,,,2.19,,,,,Cool,17:42:23.744,-21:32:00.735,Galactic,,WiFeS/3000,HdCcand-B566,picky,T2m3wb-20210911.110551-0050.spectrum.p11.fits,T2m3wr-20210911.110551-0050.spectrum.p11.fits,,,,,,,,,,,,,,,,
,B567,1,HdC1,C2 0.5,bl,ctp,dLHdC,,,,2.86,,,,,Warm,17:43:05.645,-22:24:57.424,Galactic,,WiFeS/3000,HdCcand-B567,picky,T2m3wb-20210910.115701-0045.spectrum.p11.fits,T2m3wr-20210910.115701-0045.spectrum.p11.fits,,,,,,,,,,,,,,,,
,C105,2,HdC2,C2 3,,,max,,RCB - dust shell,,0.74,,,,,Cool,19:39:35.48,34:34:47.19,Galactic,,WiFeS/3000,HdCcand-C105,picky,HdCcand-C105__T2m3wb-20210629.151646-0733.spectrum.p11.fits,HdCcand-C105__T2m3wr-20210629.151646-0733.spectrum.p11.fits,,,,,,,,,,,,,,,,
,C17,2,HdC2,C2 3,H1.5 Li:,,dLHdC,,,,1.15,,,,,Warm/Cool,17:05:40.13,-26:16:56.66,Galactic,,WiFeS/3000,HdCcand-C17,picky,T2m3wb-20210531-0266_c.fits,T2m3wr-20210531-0266_c.fits,,,,,,,,,,,,,,,,
,C20,3,HdC3,C2 3.5,H1.5 Li:,,dLHdC,,,,0.389,,,,,Warm/Cool,20:19:42.79,05:04:04.04,Galactic,,WiFeS/3000,HdCcand-C20,picky,T2m3wb-20210622.171829-0102.spectrum.p11.fits,T2m3wr-20210622.171829-0102.spectrum.p11.fits,,,,,,,,,,,,,,,,
,C27,3,HdC3,C2 4,,,dLHdC,,,,0.624,,,,,Cool,18:01:32.19,-38:56:32.30,Galactic,,WiFeS/3000,HdCcand-C27,picky,T2m3wb-20210531-0268_c.fits,T2m3wr-20210531-0268_c.fits,,,,,,,,,,,,,,,,
,C38,3,HdC3,C2 3,H0.5 Li:,,dLHdC,,,,1.41,,,,,Warm/Cool,18:11:43.32,-28:14:21.31,Galactic,,WiFeS/3000,HdCcand-C38,picky,T2m3wb-20210621.115041-0302.spectrum.p11.fits,T2m3wr-20210621.115041-0302.spectrum.p11.fits,,,,,,,,,,,,,,,,
,C526,1,HdC1,C2 0.5,H1,,dLHdC,,,,1.669,,,,,Warm,13:56:40.205,-57:40:01.275,Galactic,,WiFeS/3000,HdCcand-C526,picky,T2m3wb-20210825.091656-0035.spectrum.p11.fits,T2m3wr-20210825.091656-0035.spectrum.p11.fits,,,,,,,,,,,,,,,,
,C528,3,HdC3,C2 0.5,H2 Li:,,dLHdC,,,,1.792,,,,,Warm,17:00:47.615,-33:30:55.805,Galactic,,WiFeS/3000,HdCcand-C528,picky,T2m3wb-20210910.105220-0040.spectrum.p11.fits,T2m3wr-20210910.105220-0040.spectrum.p11.fits,,,,,,,,,,,,,,,,
,C539,3,HdC3,C2 3,Sr Ba,,dLHdC,,,,2.97,,,,,Warm/Cool,18:44:41.49,-14:15:02.21,Galactic,,WiFeS/3000,HdCcand-C539,picky,HdCcand-C539__T2m3wb-20210924.113405-0038.spectrum.p11.fits,HdCcand-C539__T2m3wr-20210924.113405-0038.spectrum.p11.fits,,,,,,,,,,,,,,,,
,C542,3,HdC3,C2 2.5,H1.5 Li:,ctp,dLHdC,,,,2.57,,,,,Warm/Cool,18:57:19.947,10:59:21.613,Galactic,,WiFeS/3000,HdCcand-C542,picky,HdCcand-C542__T2m3wb-20210926.093951-0053.spectrum.p11.fits,HdCcand-C542__T2m3wr-20210926.093950-0053.spectrum.p11.fits,,,,,,,,,,,,,,,,
,F152,1,HdC1,C2 1,H2e Li: bl,,dLHdC,,,,0.447,,,,,Warm,05:15:28.989,-66:48:37.42,Galactic,,WiFeS/3000,HdCcand-F152,picky,T2m3wb-20210825.180423-0080.spectrum.p11.fits,T2m3wr-20210825.180423-0080.spectrum.p11.fits,,,,,,,,,,,,,,,,
,F75,1,HdC1,C2 0.5,H0.5 Li:,,dLHdC,,,,0.545,,,,,Warm,19:44:40.59,-34:54:42.33,Galactic,,WiFeS/3000,HdCcand-F75,picky,T2m3wb-20210621.114458-0301.spectrum.p11.fits,T2m3wr-20210621.114458-0301.spectrum.p11.fits,,,,,,,,,,,,,,,,
,dLS17,3,HdC3,C2 4.5,Li:,,dLHdC,,,,0.785,,,,,,04:54:21.69,-66:34:48.2,Magellanic,,WiFeS/3000,dLS17,picky,dLS17__T2m3wb-20220212.102826-0045.spectrum.p11.fits.gz,dLS17__T2m3wr-20220212.102826-0045.spectrum.p11.fits.gz,,,,,,,,,,,,,,,,
,M37,3,HdC3,C2 0.5,H1 CN+,ctp,dLHdC,,,,4.637,,,,,,14:23:41.1,-57:31:12.9,Galactic,,WiFeS/3000,HdCcand-M37,picky,HdCCand-M37__T2m3wb-20220213.181611-0152.spectrum.p11.fits,HdCCand-M37__T2m3wr-20220213.181611-0152.spectrum.p11.fits,,,,,,,,,,,,,,,,
,M38,4,HdC4,C2 4,H0.5,,dLHdC,,,,4.656,,,,,,14:29:55.0,-57:27:55.7,Galactic,,WiFeS/3000,HdCcand-M38,picky,HdCCand-M38__T2m3wb-20220213.175815-0151.spectrum.p11.fits,HdCCand-M38__T2m3wr-20220213.175815-0151.spectrum.p11.fits,,,,,,,,,,,,,,,,
,P12,3,HdC3,C2 3.5,H0.5,ctp,dLHdC,,,,4.167,,,,,,16:32:47.0,-43:49:13,Galactic,,WiFeS/3000,HdCcand-P12,picky,HdCCand-P12__T2m3wb-20220215.183314-0358.spectrum.p11.fits,HdCCand-P12__T2m3wr-20220215.183314-0358.spectrum.p11.fits,,,,,,,,,,,,,,,,
,KDM-4130,6,HdC6,C2 5.5,Li:,,dLHdC,,,,0.175,,,,,,05:27:23.1,-64:22:39.243,Magellanic,,WiFeS/3000,WISE-ToI-5031,picky,WISE-ToI-5031__T2m3wb-20220331.095735-0044.spectrum.p11.fits,WISE-ToI-5031__T2m3wr-20220331.095735-0044.spectrum.p11.fits,,,,,,,,,,,,,,,,
,WISE-ToI-150,,,,,,,,,,,,,,,,17:07:37.9,-43:10:35,,,WiFeS/3000,WISE-ToI-150,,,WISE-ToI-150__T2m3wr-20220216.180943-0429.spectrum.p11.fits,,,,,,,,,,,,,,,,
,DY Per,,,,,,,,,,1.15,,,,,,02:35:17.13,56:08:44.72,Galactic,,TNG,DYPer,pickyone,DYPer_TNG-Nov2020_24T02-02-00_LRR.fits,,,,,,,,,,,,,,,,,
,ASAS-DYPer-1,,,,,,,,,,0.5,,,,,,09:18:01.60,-54:02:27.42,,,WiFeS/3000,ASAS-DYPer-1,AB,ASAS-DYPer-1_196_Blue-A.fits,ASAS-DYPer-1_196_Red-A.fits,ASAS-DYPer-1_196_Blue-B.fits,ASAS-DYPer-1_196_Red-B.fits,,,,,,,,,,,,,,
,ASAS-DYPer-2,,,,,,,,,,0.879,,,,,,12:26:57.96,-68:24:15.08,,,WiFeS/3000,ASAS-DYPer-2,picky,ASAS-DYPer-2_058_Blue.fits,ASAS-DYPer-2_058_Red.fits,,,,,,,,,,,,,,,,
,EROS2-LMC-DYPer-1,,,,,,,,,,0.208,,,,,,04:56:28.47,-69:39:12.57,,,DBS,EROS2-LMC-DYPer-1,one,EROS2-LMC-DYPer-1__r+b_lmc0112l.fits,,,,,,,,,,,,,,,,,
,EROS2-LMC-DYPer-2,,,,,,,,,,0.185,,,,,,06:18:46.59,-67:00:59.59,,,DBS,EROS2-LMC-DYPer-2,one,EROS2-LMC-DYPer-2__tr+b_lmc0405m.fits,,,,,,,,,,,,,,,,,
,EROS2-LMC-DYPer-3,,,,,,,,,,0.238,,,,,,05:44:04.05,-65:46:00.84,,,DBS,EROS2-LMC-DYPer-3,one,EROS2-LMC-DYPer-3__tr+b_lmc0485n.fits,,,,,,,,,,,,,,,,,
,EROS2-LMC-DYPer-4,,,,,,,,,,0.165,,,,,,05:25:54.95,-69:43:54.03,,,DBS,EROS2-LMC-DYPer-4,one,EROS2-LMC-DYPer-4__tr+b_lmc0013n.fits,,,,,,,,,,,,,,,,,
,EROS2-LMC-DYPer-5,,,,,,,,,,0.321,,,,,,05:50:15.47,-71:57:39.66,,,DBS,EROS2-LMC-DYPer-5,one,EROS2-LMC-DYPer-5__tr+b_lmc0730k.fits,,,,,,,,,,,,,,,,,
,EROS2-LMC-DYPer-6,,,,,,,,,,0.235,,,,,,05:29:27.19,-69:22:32.61,,,DBS,EROS2-LMC-DYPer-6,one,EROS2-LMC-DYPer-6__r+b_lm0020n_28519.fits,,,,,,,,,,,,,,,,,
,EROS2-LMC-DYPer-7,,,,,,,,,,0.203,,,,,,05:19:48.13,-65:58:22.55,,,DBS,EROS2-LMC-DYPer-7,one,EROS2-LMC-DYPer-7__tr+b_lmc0456m.fits,,,,,,,,,,,,,,,,,
,EROS2-LMC-DYPer-8,,,,,,,,,,0.609,,,,,,05:39:00.21,-70:58:01.25,,,DBS,EROS2-LMC-DYPer-8,one,EROS2-LMC-DYPer-8__tr+b_lmc0593k.fits,,,,,,,,,,,,,,,,,
,EROS2-LMC-DYPer-9,,,,,,,,,,0.421,,,,,,04:52:58.35,-69:10:27.42,,,DBS,EROS2-LMC-DYPer-9,one,EROS2-LMC-DYPer-9__tr+b_lmc0121k.fits,,,,,,,,,,,,,,,,,
,EROS2-LMC-DYPer-10,,,,,,,,,,0.165,,,,,,06:05:35.32,-68:54:54.05,,,DBS,EROS2-LMC-DYPer-10,one,EROS2-LMC-DYPer-10__tr+b_lmc0257n.fits,,,,,,,,,,,,,,,,,
,EROS2-LMC-DYPer-11,,,,,,,,,,0.14,,,,,,05:29:22.61,-70:19:35.65,,,DBS,EROS2-LMC-DYPer-11,one,EROS2-LMC-DYPer-11__tr+b_lm0026n-10671.fits,,,,,,,,,,,,,,,,,
,EROS2-LMC-DYPer-12,,,,,,,,,,0.165,,,,,,05:59:26.21,-67:00:22.64,,,DBS,EROS2-LMC-DYPer-12,one,EROS2-LMC-DYPer-12__tr+b_lm0335m-9403.fits,,,,,,,,,,,,,,,,,
,EROS2-LMC-DYPer-13,,,,,,,,,,0.198,,,,,,05:20:22.92,-69:04:43.11,,,DBS,EROS2-LMC-DYPer-13,one,EROS2-LMC-DYPer-13__r+b_lm0010k_3834.fits,,,,,,,,,,,,,,,,,
,EROS2-LMC-DYPer-14,,,,,,,,,,0.306,,,,,,05:27:32.33,-69:05:35.48,,,DBS,EROS2-LMC-DYPer-14,one,EROS2-LMC-DYPer-14__r+b_lm0020k_5163.fits,,,,,,,,,,,,,,,,,
,EROS2-LMC-DYPer-15,,,,,,,,,,0.248,,,,,,05:30:43.25,-69:38:51.84,,,DBS,EROS2-LMC-DYPer-15,one,EROS2-LMC-DYPer-15__r+b_lm0022n_15676.fits,,,,,,,,,,,,,,,,,
,EROS2-LMC-DYPer-16,,,,,,,,,,0.383,,,,,,05:35:15.49,-69:57:43.84,,,DBS,EROS2-LMC-DYPer-16,one,EROS2-LMC-DYPer-16__r+b_lm0034l_8100.fits,,,,,,,,,,,,,,,,,
,EROS2-LMC-DYPer-17,,,,,,,,,,0.185,,,,,,05:35:24.08,-66:24:15.17,,,DBS,EROS2-LMC-DYPer-17,one,EROS2-LMC-DYPer-17__r+b_lm0341m_22605.fits,,,,,,,,,,,,,,,,,
,EROS2-CG-RCB-2,,,,,,,,,,6.91,,,,,,17:52:48.72,-28:45:19.1,,,DBS,EROS2-CG-RCB-2,one,EROS2-RCB-CG-2__fnttwfsccd00016.0001.fits,,,,,,,,,,,,,,,,,
,EROS2-SMC-DYPer-1,,,,,,,,,,0.15,,,,,,00:44:07.50,-72:44:16.4,,,DBS,EROS2-SMC-DYPer-1,one,EROS2-SMC-DYPer-1__r+b_sm0077k_11497.fits,,,,,,,,,,,,,,,,,
,EROS2-SMC-DYPer-2,,,,,,,,,,0.108,,,,,,00:40:14.72,-74:11:21.6,,,DBS,EROS2-SMC-DYPer-2,one,EROS2-SMC-DYPer-2__r+b_sm0106m_19412.fits,,,,,,,,,,,,,,,,,
,EROS2-SMC-DYPer-3,,,,,,,,,,0.238,,,,,,00:55:54.97,-72:35:12.27,,,DBS,EROS2-SMC-DYPer-3,one,EROS2-SMC-DYPer-3__r+b_smc0067m_2668_Secondseries.fits,,,,,,,,,,,,,,,,,
,EROS2-SMC-DYPer-4,,,,,,,,,,0.12,,,,,,00:56:35.47,-71:32:32.66,,,DBS,EROS2-SMC-DYPer-4,one,EROS2-SMC-DYPer-4__r+b_smc0061m_7643_Secondseries.fits,,,,,,,,,,,,,,,,,
,EROS2-SMC-DYPer-5,,,,,,,,,,0.416,,,,,,00:47:41.71,-73:06:16.38,,,DBS,EROS2-SMC-DYPer-5,one,EROS2-SMC-DYPer-5__tr+b_sm00101_4971.fits,,,,,,,,,,,,,,,,,
,EROS2-SMC-DYPer-6,,,,,,,,,,0.288,,,,,,00:44:56.40,-73:12:25.02,,,DBS,EROS2-SMC-DYPer-6,one,EROS2-SMC-DYPer-6__tr+b_sm0101n_8018.fits,,,,,,,,,,,,,,,,,
,A798,,EHe,,,,,,,,2.6,,,,,EHe,18:33:57.034,05:29:16.811,Galactic,,WiFeS/3000,HdCcand-A798,picky,T2m3wb-20210911.115456-0054.spectrum.p11.fits,T2m3wr-20210911.115456-0054.spectrum.p11.fits,,,,,,,,,,,,,,,,
,A208,,,,,,,,,,2.097,,,,,EHe,18:24:47.94,-22:14:29.143,,,WiFeS/3000,HdCcand-A208,picky,T2m3wb-20210520.182704-0088.spectrum.p11_weaker-but-cleaner.fits,T2m3wr-20210520.182704-0088.spectrum.p11.fits,,,,,,,,,,,,,,,,
,HD 320156,,,,,,,LSS4300,,,,,,,,HdB,,,,,,HD320156,AB,HD320156_215_Blue-A.fits,HD320156_215_Red-A.fits,HD320156_215_Blue-B.fits,HD320156_215_Red-B.fits,,,,,,,,,,,,,,
,V4334 Sgr,,,,,,,,,,,,,,,FF,,,,,,V4334Sgr,AB,V4334Sgr_143_Blue-A.fits,V4334Sgr_143_Red-A.fits,V4334Sgr_143_Blue-B.fits,V4334Sgr_143_Red-B.fits,,,,,,,,,,,,,,
,PV Tel,,,,,,,,,,,,,,,EHe,,,,,,PVTel,AB,PVTel_144_Blue-A.fits,PVTel_144_Red-A.fits,PVTel_144_Blue-B.fits,PVTel_144_Red-B.fits,,,,,,,,,,,,,,
,V2076 Oph,,,,,,,,,,,,,,,EHe,,,,,,V2076Oph,AB,V2076Oph_213_Blue-A.fits,V2076Oph_213_Red-A.fits,V2076Oph_213_Blue-B.fits,V2076Oph_213_Red-B.fits,,,,,,,,,,,,,,
,V2205 Oph,,,,,,,,,,,,,,,EHe,,,,,,V2205Oph,AB,V2205Oph_214_Blue-A.fits,V2205Oph_214_Red-A.fits,V2205Oph_214_Blue-B.fits,V2205Oph_214_Red-B.fits,,,,,,,,,,,,,,
,Ups Sgr,,,,,,,,,,,,,,,EHe,,,,,,UpsSgr,picky,T2m3wb-20210710.150318-0634.spectrum.p11.fits,T2m3wr-20210710.150317-0634.spectrum.p11.fits,,,,,,,,,,,,,,,,